-- phpMyAdmin SQL Dump
-- version 4.7.4
-- https://www.phpmyadmin.net/
--
-- Servidor: 127.0.0.1:3306
-- Tiempo de generación: 21-05-2018 a las 23:01:54
-- Versión del servidor: 5.7.19
-- Versión de PHP: 7.0.23

SET SQL_MODE = "NO_AUTO_VALUE_ON_ZERO";
SET AUTOCOMMIT = 0;
START TRANSACTION;
SET time_zone = "+00:00";


/*!40101 SET @OLD_CHARACTER_SET_CLIENT=@@CHARACTER_SET_CLIENT */;
/*!40101 SET @OLD_CHARACTER_SET_RESULTS=@@CHARACTER_SET_RESULTS */;
/*!40101 SET @OLD_COLLATION_CONNECTION=@@COLLATION_CONNECTION */;
/*!40101 SET NAMES utf8mb4 */;

--
-- Base de datos: `depositolozada`
--

--
-- Volcado de datos para la tabla `bodegas`
--

INSERT INTO `bodegas` (`id`, `nombre`, `direccion`, `telefono`, `celular`, `fk_municipio`, `created_at`, `updated_at`) VALUES
(1, 'Rivera', 'Calle 22a sur # 34c-64', '8712278', '3239019201', '41615', '2018-04-21 02:56:54', '2018-04-21 02:56:54');

--
-- Volcado de datos para la tabla `cajas`
--

INSERT INTO `cajas` (`id`, `nombre`, `estado`, `bodega_id`, `created_at`, `updated_at`, `ocupada`) VALUES
(1, 'Caja1', 'A', 1, '2018-04-30 05:42:11', '2018-05-10 02:22:30', 1),
(2, 'Caja2', 'A', 1, '2018-04-30 05:43:47', '2018-05-01 03:47:11', 0),
(3, 'Caja3', 'A', 1, '2018-04-30 05:44:26', '2018-05-01 03:50:34', 0),
(4, 'Caja 2', 'A', 1, '2018-05-03 06:17:41', '2018-05-03 06:23:24', 0);

--
-- Volcado de datos para la tabla `caja_empleados`
--

INSERT INTO `caja_empleados` (`id`, `caja_id`, `user_id`, `created_at`, `updated_at`, `fecha`) VALUES
(1, 3, 10, '2018-05-01 03:50:34', '2018-05-01 03:50:34', '2018-04-30'),
(2, 1, 4, '2018-05-01 04:15:57', '2018-05-01 04:15:57', '2018-04-30'),
(3, 4, 4, '2018-05-03 06:23:24', '2018-05-03 06:23:24', '2018-05-03'),
(4, 1, 4, '2018-05-10 02:22:30', '2018-05-10 02:22:30', '2018-05-09');

--
-- Volcado de datos para la tabla `cargues`
--

INSERT INTO `cargues` (`id`, `fecha_creacion`, `fecha_inicio`, `fecha_fin`, `created_at`, `updated_at`) VALUES
(8, '2018-05-18', '2018-05-15', '2018-05-20', '2018-05-18 20:51:22', '2018-05-18 20:51:22'),
(9, '2018-05-21', '2018-05-17', '2018-05-21', '2018-05-21 05:37:43', '2018-05-21 05:37:43');

--
-- Volcado de datos para la tabla `cargue_facturas`
--

INSERT INTO `cargue_facturas` (`id`, `venta_id`, `cargue_id`, `created_at`, `updated_at`) VALUES
(10, 1, 8, '2018-05-18 20:51:22', '2018-05-18 20:51:22'),
(9, 2, 8, '2018-05-18 20:51:22', '2018-05-18 20:51:22'),
(11, 1, 9, '2018-05-21 05:37:43', '2018-05-21 05:37:43');

--
-- Volcado de datos para la tabla `clientes`
--

INSERT INTO `clientes` (`number_id`, `name`, `tipo_documento_id`, `phone`, `celular`, `email`, `bodega_id`, `ruta_id`, `estado`, `created_at`, `updated_at`, `address`) VALUES
('1075255095', 'prueba', 4, '305312', NULL, NULL, 1, 1, 'A', '2018-04-26 10:38:02', '2018-04-26 10:38:02', 'Carrera 7 No. 4 - 64'),
('123345', 'doña sunny', 2, '8712268', '3215548798', NULL, 1, 1, 'A', '2018-05-02 23:25:30', '2018-05-02 23:25:30', 'Carrera 11 6-14'),
('9987797', 'doña mariela', 2, '548787', '9879898798', NULL, 1, 1, 'A', '2018-05-02 23:26:09', '2018-05-02 23:26:09', 'Calle 1A #7-61'),
('147258369', 'lord petrosky', 4, '6623', '6226246', NULL, 1, 1, 'A', '2018-05-08 10:19:01', '2018-05-08 10:19:01', 'Calle 3 No 10 - 64'),
('369258147', 'paracohp', 4, '55235325', '523523225', NULL, 1, 1, 'A', '2018-05-08 11:55:01', '2018-05-08 11:55:01', 'Vereda Alto Guadual a 3 km parque principal de Rivera'),
('789456123', 'alvaro morata', 2, '3053121363', '3215548798', NULL, 1, 2, 'A', '2018-05-08 12:03:34', '2018-05-08 12:03:34', 'Km. 12 Via al Sur Rivera'),
('3216549875', 'fabian la perra', 5, '8745889', '4341414', NULL, 1, 2, 'A', '2018-05-08 12:04:30', '2018-05-08 12:04:30', 'Carrera 16 número 42-195'),
('1081156450', 'jesus antonio charry', 2, NULL, '3228668499', 'antoniocharry@gmail.com', 1, 6, 'A', '2018-05-21 04:36:43', '2018-05-21 04:36:43', 'calle 3 # 2-83'),
('1075263963', 'kevin alexis torres', 2, NULL, NULL, NULL, 1, 7, 'A', '2018-05-21 04:43:12', '2018-05-21 04:43:12', 'calle 2 e #14-46'),
('1075245911', 'cristian alvarez', 2, NULL, NULL, NULL, 1, 7, 'A', '2018-05-21 04:44:30', '2018-05-21 04:44:30', 'calle 2 A # 2-57');

--
-- Volcado de datos para la tabla `compras`
--

INSERT INTO `compras` (`id`, `fecha_compra`, `total`, `fk_estado_compra`, `fk_forma_pago`, `fk_proveeedors`, `fk_bodega`, `created_at`, `updated_at`, `fk_vendedor`) VALUES
(1, '2018-05-18', 165000.00, 3, 1, '4789879', 1, '2018-05-18 07:24:24', '2018-05-18 07:24:24', 1),
(2, '2018-05-18', 30000.00, 3, 2, '4789879', 1, '2018-05-18 20:57:14', '2018-05-18 20:57:14', 1),
(3, '2018-05-18', 30900.00, 3, 2, '4789879', 1, '2018-05-18 21:50:41', '2018-05-18 21:50:41', 1),
(4, '2018-05-20', 23000.00, 3, 1, '4789879', 1, '2018-05-21 04:47:55', '2018-05-21 04:47:55', 1),
(5, NULL, 0.00, 1, 2, '4789879', 1, '2018-05-21 05:06:42', '2018-05-21 05:06:42', 1),
(6, '2018-05-21', 57600.00, 3, 1, '4789879', 1, '2018-05-21 05:52:28', '2018-05-21 05:52:28', 1),
(7, '2018-05-21', 1000.00, 3, 2, '2424143', 1, '2018-05-21 05:54:36', '2018-05-21 05:54:36', 1),
(8, NULL, 0.00, 1, 2, '4789879', 1, '2018-05-21 06:03:20', '2018-05-21 06:03:20', 1);

--
-- Volcado de datos para la tabla `departamentos`
--

INSERT INTO `departamentos` (`id`, `nombre`, `estado`, `created_at`, `updated_at`) VALUES
('11', 'BOGOTA D.C', 'A', NULL, NULL),
('13', 'BOLIVAR', 'A', NULL, NULL),
('15', 'BOYACA', 'A', NULL, NULL),
('17', 'CALDAS', 'A', NULL, NULL),
('18', 'CAQUETA', 'A', NULL, NULL),
('19', 'CAUCA', 'A', NULL, NULL),
('20', 'CESAR', 'A', NULL, NULL),
('23', 'CORDOBA', 'A', NULL, NULL),
('25', 'CUNDINAMARCA', 'A', NULL, NULL),
('27', 'CHOCO', 'A', NULL, NULL),
('41', 'HUILA', 'A', NULL, NULL),
('44', 'GUAJIRA', 'A', NULL, NULL),
('47', 'MAGDALENA', 'A', NULL, NULL),
('5', 'ANTIOQUIA', 'A', NULL, NULL),
('50', 'META', 'A', NULL, NULL),
('52', 'NARINIO', 'A', NULL, NULL),
('54', 'NORTE DE SANTANDER', 'A', NULL, NULL),
('63', 'QUINDIO', 'A', NULL, NULL),
('66', 'RISARALDA', 'A', NULL, NULL),
('68', 'SANTANDER', 'A', NULL, NULL),
('70', 'SUCRE', 'A', NULL, NULL),
('73', 'TOLIMA', 'A', NULL, NULL),
('76', 'VALLE DEL CAUCA', 'A', NULL, NULL),
('8', 'ATLANTICO', 'A', NULL, NULL),
('81', 'ARAUCA', 'A', NULL, NULL),
('85', 'CASANARE', 'A', NULL, NULL),
('86', 'PUTUMAYO', 'A', NULL, NULL),
('88', 'SAN ANDRES Y PROVIDENCIA', 'A', NULL, NULL),
('91', 'AMAZONAS', 'A', NULL, NULL),
('94', 'GUAINIA', 'A', NULL, NULL),
('95', 'GUAVIARE', 'A', NULL, NULL),
('97', 'VAUPES', 'A', NULL, NULL),
('99', 'VICHADA', 'A', NULL, NULL),
('10', 'OTRO PAIS', 'A', NULL, NULL);

--
-- Volcado de datos para la tabla `descripcion_ivas`
--

INSERT INTO `descripcion_ivas` (`id`, `nombre`, `descripcion`, `estado`, `created_at`, `updated_at`) VALUES
(1, 'sinIva', NULL, 'A', NULL, NULL),
(2, 'Iva', NULL, 'A', NULL, NULL);

--
-- Volcado de datos para la tabla `descripcion_precios`
--

INSERT INTO `descripcion_precios` (`id`, `nombre`, `descripcion`, `estado`, `created_at`, `updated_at`) VALUES
(2, 'Mayorista', NULL, 'A', NULL, NULL),
(1, 'Tienda', NULL, 'A', NULL, NULL);

--
-- Volcado de datos para la tabla `detalles_ventas`
--

INSERT INTO `detalles_ventas` (`id`, `fk_factura`, `fk_producto`, `fk_tipo_paca`, `cantidad`, `precio`, `created_at`, `updated_at`, `Numero_canasta`) VALUES
(1, 1, 123, 0, 15, 700.00, NULL, NULL, 1),
(2, 1, 0, 1, 1, 3000.00, NULL, NULL, NULL),
(3, 2, 128, 0, 1, 800.00, '2018-05-18 07:12:02', '2018-05-18 07:12:02', NULL),
(4, 3, 124, 0, 100, 1200.00, '2018-05-21 05:13:05', '2018-05-21 05:13:05', NULL),
(5, 4, 128, 0, 30, 600.00, NULL, NULL, 1),
(6, 4, 129, 0, 30, 650.00, NULL, NULL, 2),
(7, 4, 126, 0, 12, 1300.00, NULL, NULL, 3),
(8, 4, 127, 0, 12, 1500.00, NULL, NULL, 3),
(9, 4, 126, 0, 12, 1300.00, NULL, NULL, 4),
(10, 4, 127, 0, 12, 1500.00, NULL, NULL, 4),
(11, 4, 124, 0, 20, 1200.00, '2018-05-21 06:09:59', '2018-05-21 06:09:59', NULL),
(12, 5, 124, 0, 50, 1200.00, '2018-05-21 06:15:30', '2018-05-21 06:15:30', NULL),
(13, 5, 128, 0, 2, 600.00, NULL, NULL, 1),
(14, 5, 129, 0, 2, 650.00, NULL, NULL, 1),
(15, 5, 131, 0, 26, 600.00, NULL, NULL, 1),
(16, 5, 128, 0, 10, 600.00, NULL, NULL, 2),
(17, 5, 129, 0, 5, 650.00, NULL, NULL, 2),
(18, 5, 131, 0, 15, 600.00, NULL, NULL, 2);

--
-- Volcado de datos para la tabla `detalle_compras`
--

INSERT INTO `detalle_compras` (`id`, `fk_producto`, `cantidad`, `precio`, `fk_compra`, `created_at`, `updated_at`, `Numero_canasta`, `fk_tipo_paca`) VALUES
(1, '123', 30, 500.00, 1, NULL, NULL, 1, 0),
(2, '123', 30, 500.00, 1, NULL, NULL, 2, 0),
(3, '123', 30, 500.00, 1, NULL, NULL, 3, 0),
(4, '123', 30, 500.00, 1, NULL, NULL, 4, 0),
(5, '123', 30, 500.00, 1, NULL, NULL, 5, 0),
(6, '123', 30, 500.00, 1, NULL, NULL, 6, 0),
(7, '123', 30, 500.00, 1, NULL, NULL, 7, 0),
(8, '123', 30, 500.00, 1, NULL, NULL, 8, 0),
(9, '123', 30, 500.00, 1, NULL, NULL, 9, 0),
(10, '123', 30, 500.00, 1, NULL, NULL, 10, 0),
(11, '123', 30, 500.00, 1, NULL, NULL, 11, 0),
(12, '123', 30, 500.00, 2, NULL, NULL, 1, 0),
(13, '123', 30, 500.00, 2, NULL, NULL, 2, 0),
(14, '126', 3, 1200.00, 3, NULL, NULL, 1, 0),
(15, '127', 21, 1300.00, 3, NULL, NULL, 1, 0),
(16, '128', 10, 50.00, 4, NULL, NULL, 1, 0),
(17, '129', 10, 600.00, 4, NULL, NULL, 1, 0),
(18, '131', 10, 500.00, 4, NULL, NULL, 1, 0),
(19, '128', 10, 50.00, 4, NULL, NULL, 2, 0),
(20, '129', 10, 600.00, 4, NULL, NULL, 2, 0),
(21, '131', 10, 500.00, 4, NULL, NULL, 2, 0),
(22, '125', 10, 500.00, 5, '2018-05-21 05:11:19', '2018-05-21 05:11:19', NULL, 0),
(23, '126', 24, 1200.00, 6, NULL, NULL, 1, 0),
(24, '126', 24, 1200.00, 6, NULL, NULL, 2, 0),
(25, '123', 2, 500.00, 7, '2018-05-21 05:54:56', '2018-05-21 05:54:56', NULL, 0);

--
-- Volcado de datos para la tabla `estado_compras`
--

INSERT INTO `estado_compras` (`id`, `nombre`, `descripcion`, `estado`, `created_at`, `updated_at`) VALUES
(3, 'recibido', NULL, 'A', '2018-05-16 19:06:10', '2018-05-16 19:06:10'),
(2, 'por recibir', NULL, 'A', '2018-05-16 19:05:52', '2018-05-16 19:05:52'),
(1, 'pendiente', NULL, 'A', '2018-05-16 19:05:42', '2018-05-16 19:05:42');

--
-- Volcado de datos para la tabla `estado_de_ventas`
--

INSERT INTO `estado_de_ventas` (`id`, `nombre`, `descripcion`, `estado`, `created_at`, `updated_at`) VALUES
(3, 'entregado', NULL, 'A', '2018-05-16 04:37:38', '2018-05-16 04:37:38'),
(2, 'por entregar', NULL, 'A', '2018-05-16 04:37:30', '2018-05-16 04:37:30'),
(1, 'pendiente', NULL, 'A', '2018-05-16 04:37:24', '2018-05-16 04:37:24');

--
-- Volcado de datos para la tabla `formapagos`
--

INSERT INTO `formapagos` (`id`, `nombre`, `descripcion`, `estado`, `created_at`, `updated_at`) VALUES
(1, 'efectivo', NULL, 'A', '2018-05-16 04:36:47', '2018-05-16 04:36:47'),
(2, 'credito', NULL, 'A', '2018-05-16 04:36:53', '2018-05-18 07:30:22');

--
-- Volcado de datos para la tabla `imagenes_productos`
--

INSERT INTO `imagenes_productos` (`id`, `url_imagen`, `fk_producto`, `featured`, `created_at`, `updated_at`) VALUES
(1, '5ada74bbdcf5dperiquero.jpg', '56767', 0, '2018-04-21 04:16:11', '2018-04-21 04:16:59'),
(2, '5ada74e265b1dangelpuro.jpg', '56767', 1, '2018-04-21 04:16:50', '2018-04-21 04:16:59'),
(3, '5af15be13594cpizza.jpg', '56767', 0, '2018-05-08 13:12:17', '2018-05-08 13:12:17');

--
-- Volcado de datos para la tabla `ivas_productos`
--

INSERT INTO `ivas_productos` (`id`, `fk_producto`, `valor`, `created_at`, `updated_at`, `fk_descripcion_iva`) VALUES
(1, '123', 0.00, '2018-05-15 19:58:26', '2018-05-15 19:58:26', 1),
(2, '124', 0.00, '2018-05-15 20:00:18', '2018-05-15 20:00:18', 1),
(3, '125', 0.00, '2018-05-15 20:15:30', '2018-05-15 20:15:30', 1),
(4, '126', 0.00, '2018-05-17 09:04:41', '2018-05-17 09:04:41', 1),
(5, '127', 0.00, '2018-05-17 09:07:46', '2018-05-17 09:07:46', 1),
(6, '128', 0.00, '2018-05-18 00:56:23', '2018-05-18 00:56:23', 1),
(7, '129', 0.00, '2018-05-18 00:58:10', '2018-05-18 00:58:10', 1),
(8, '131', 0.00, '2018-05-18 00:59:39', '2018-05-18 00:59:39', 1),
(9, '0', 0.00, '2018-05-21 06:01:10', '2018-05-21 06:01:10', 1);

--
-- Volcado de datos para la tabla `marcas`
--

INSERT INTO `marcas` (`id`, `nombre`, `descripcion`, `estado`, `created_at`, `updated_at`) VALUES
(10, 'marca10', NULL, 'A', NULL, NULL),
(9, 'marca9', NULL, 'A', NULL, NULL),
(8, 'marca8', NULL, 'A', NULL, NULL),
(7, 'marca7', NULL, 'A', NULL, NULL),
(6, 'marca6', NULL, 'A', NULL, NULL),
(5, 'marca5', NULL, 'A', NULL, NULL),
(4, 'marca4', NULL, 'A', NULL, NULL),
(3, 'marca3', NULL, 'A', NULL, NULL),
(2, 'marca2', NULL, 'A', NULL, NULL),
(1, 'marca1', NULL, 'A', NULL, NULL);



--
-- Volcado de datos para la tabla `movimiento_cajas`
--

INSERT INTO `movimiento_cajas` (`id`, `fecha`, `hora`, `valor`, `descripcion`, `tipo_movimiento`, `caja_id`, `created_at`, `updated_at`) VALUES
(10, '2018-05-18', '16:00:34', 23300.00, 'Entrada de dinero por venta realizada', 'entrada', 1, '2018-05-18 21:00:34', '2018-05-18 21:00:34'),
(9, '2018-05-18', '15:54:35', 24000.00, 'Entrada de dinero por venta realizada', 'entrada', 1, '2018-05-18 20:54:35', '2018-05-18 20:54:35'),
(8, '2018-05-18', '15:52:30', 800.00, 'Entrada de dinero por venta realizada', 'entrada', 1, '2018-05-18 20:52:30', '2018-05-18 20:52:30'),
(11, '2018-05-18', '16:51:00', 30900.00, 'Salida de dinero por concepto de compra de producto de la factura #3', 'salida', 1, '2018-05-18 21:51:00', '2018-05-18 21:51:00'),
(12, '2018-05-18', '16:55:52', 800.00, 'Entrada de dinero por venta realizada', 'entrada', 1, '2018-05-18 21:55:52', '2018-05-18 21:55:52'),
(13, '2018-05-18', '20:11:13', 1200000.00, 'pago de leo messi desde el 12 de septiembre al 12 de octubre', 'entrada', 1, '2018-05-19 01:11:13', '2018-05-19 01:11:13'),
(14, '2018-05-18', '20:29:33', 100000.00, 'pagar a kevin', 'entrada', 1, '2018-05-19 01:29:33', '2018-05-19 01:29:33'),
(15, '2018-05-18', '20:33:44', 15000.00, 'compre 3 kilos de perico', 'salida', 1, '2018-05-19 01:33:44', '2018-05-19 01:33:44'),
(16, '2018-05-21', '00:44:42', 50000.00, 'base', 'entrada', 1, '2018-05-21 05:44:42', '2018-05-21 05:44:42'),
(17, '2018-05-21', '00:51:48', 25000.00, 'pago postobon', 'salida', 1, '2018-05-21 05:51:48', '2018-05-21 05:51:48');

--
-- Volcado de datos para la tabla `municipios`
--

INSERT INTO `municipios` (`id`, `nombre`, `fk_departamento`, `estado`, `created_at`, `updated_at`) VALUES
('11001', 'SANTAFE DE BOGOTA', '11', 'A', NULL, NULL),
('13001', 'CARTAGENA', '13', 'A', NULL, NULL),
('13006', 'ACHI', '13', 'A', NULL, NULL),
('13030', 'ALTOS DEL ROSARIO', '13', 'A', NULL, NULL),
('13042', 'ARENAL', '13', 'A', NULL, NULL),
('13052', 'ARJONA', '13', 'A', NULL, NULL),
('13074', 'BARRANCO DE LOBA', '13', 'A', NULL, NULL),
('13140', 'CALAMAR', '13', 'A', NULL, NULL),
('13160', 'CANTAGALLO', '13', 'A', NULL, NULL),
('13188', 'CICUCO', '13', 'A', NULL, NULL),
('13212', 'CORDOBA', '13', 'A', NULL, NULL),
('13222', 'CLEMENCIA', '13', 'A', NULL, NULL),
('13244', 'EL CARMEN DE BOLIVAR', '13', 'A', NULL, NULL),
('13248', 'EL GUAMO', '13', 'A', NULL, NULL),
('13268', 'EL PEÑON', '13', 'A', NULL, NULL),
('13300', 'HATILLO DE LOBA', '13', 'A', NULL, NULL),
('13430', 'MAGANGUE', '13', 'A', NULL, NULL),
('13433', 'MAHATES', '13', 'A', NULL, NULL),
('13440', 'MARGARITA', '13', 'A', NULL, NULL),
('13442', 'MARIA LA BAJA', '13', 'A', NULL, NULL),
('13458', 'MONTECRISTO', '13', 'A', NULL, NULL),
('13468', 'MOMPOS', '13', 'A', NULL, NULL),
('13473', 'MORALES', '13', 'A', NULL, NULL),
('13549', 'PINILLOS', '13', 'A', NULL, NULL),
('13580', 'REGIDOR', '13', 'A', NULL, NULL),
('13600', 'RIO VIEJO', '13', 'A', NULL, NULL),
('13620', 'SAN CRISTOBAL', '13', 'A', NULL, NULL),
('13647', 'SAN ESTANISLAO', '13', 'A', NULL, NULL),
('13650', 'SAN FERNANDO', '13', 'A', NULL, NULL),
('13654', 'SAN JACINTO', '13', 'A', NULL, NULL),
('13657', 'SAN JUAN NEPOMUCENO', '13', 'A', NULL, NULL),
('13667', 'SAN MARTIN DE LOBA', '13', 'A', NULL, NULL),
('13670', 'SAN PABLO', '13', 'A', NULL, NULL),
('13673', 'SANTA CATALINA', '13', 'A', NULL, NULL),
('13683', 'SANTA ROSA', '13', 'A', NULL, NULL),
('13688', 'SANTA ROSA DEL SUR', '13', 'A', NULL, NULL),
('13744', 'SIMITI', '13', 'A', NULL, NULL),
('13760', 'SOPLAVIENTO', '13', 'A', NULL, NULL),
('13780', 'TALAIGUA NUEVO', '13', 'A', NULL, NULL),
('13810', 'TIQUISIO', '13', 'A', NULL, NULL),
('13836', 'TURBACO', '13', 'A', NULL, NULL),
('13838', 'TURBANA', '13', 'A', NULL, NULL),
('13873', 'VILLANUEVA', '13', 'A', NULL, NULL),
('13894', 'ZAMBRANO', '13', 'A', NULL, NULL),
('15001', 'TUNJA', '15', 'A', NULL, NULL),
('15022', 'ALMEIDA', '15', 'A', NULL, NULL),
('15047', 'AQUITANIA', '15', 'A', NULL, NULL),
('15051', 'ARCABUCO', '15', 'A', NULL, NULL),
('15087', 'BELEN', '15', 'A', NULL, NULL),
('15090', 'BERBEO', '15', 'A', NULL, NULL),
('15092', 'BETEITIVA', '15', 'A', NULL, NULL),
('15097', 'BOAVITA', '15', 'A', NULL, NULL),
('15104', 'BOYACA', '15', 'A', NULL, NULL),
('15106', 'BRICEÑ0', '15', 'A', NULL, NULL),
('15109', 'BUENAVISTA', '15', 'A', NULL, NULL),
('15114', 'BUSBANZA', '15', 'A', NULL, NULL),
('15131', 'CALDAS', '15', 'A', NULL, NULL),
('15135', 'CAMPOHERMOSO', '15', 'A', NULL, NULL),
('15162', 'CERINZA', '15', 'A', NULL, NULL),
('15172', 'CHINAVITA', '15', 'A', NULL, NULL),
('15176', 'CHIQUINQUIRA', '15', 'A', NULL, NULL),
('15180', 'CHISCAS', '15', 'A', NULL, NULL),
('15183', 'CHITA', '15', 'A', NULL, NULL),
('15185', 'CHITARAQUE', '15', 'A', NULL, NULL),
('15187', 'CHIVATA', '15', 'A', NULL, NULL),
('15189', 'CIENEGA', '15', 'A', NULL, NULL),
('15204', 'COMBITA', '15', 'A', NULL, NULL),
('15212', 'COPER', '15', 'A', NULL, NULL),
('15215', 'CORRALES', '15', 'A', NULL, NULL),
('15218', 'COVARACHIA', '15', 'A', NULL, NULL),
('15223', 'CUBARA', '15', 'A', NULL, NULL),
('15224', 'CUCAITA', '15', 'A', NULL, NULL),
('15226', 'CUITIVA', '15', 'A', NULL, NULL),
('15232', 'CHIQUIZA', '15', 'A', NULL, NULL),
('15236', 'CHIVOR', '15', 'A', NULL, NULL),
('15238', 'DUITAMA', '15', 'A', NULL, NULL),
('15244', 'EL COCUY', '15', 'A', NULL, NULL),
('15248', 'EL ESPINO', '15', 'A', NULL, NULL),
('15272', 'FIRAVITOBA', '15', 'A', NULL, NULL),
('15276', 'FLORESTA', '15', 'A', NULL, NULL),
('15293', 'GACHANTIVA', '15', 'A', NULL, NULL),
('15296', 'GAMEZA', '15', 'A', NULL, NULL),
('15299', 'GARAGOA', '15', 'A', NULL, NULL),
('15317', 'GUACAMAYAS', '15', 'A', NULL, NULL),
('15322', 'GUATEQUE', '15', 'A', NULL, NULL),
('15325', 'GUAYATA', '15', 'A', NULL, NULL),
('15332', 'GUICAN', '15', 'A', NULL, NULL),
('15362', 'IZA', '15', 'A', NULL, NULL),
('15367', 'JENESANO', '15', 'A', NULL, NULL),
('15368', 'JERICO', '15', 'A', NULL, NULL),
('15377', 'LABRANZAGRANDE', '15', 'A', NULL, NULL),
('15380', 'LA CAPILLA', '15', 'A', NULL, NULL),
('15401', 'LA VICTORIA', '15', 'A', NULL, NULL),
('15403', 'LA UVITA', '15', 'A', NULL, NULL),
('15407', 'VILLA DE LEIVA', '15', 'A', NULL, NULL),
('15425', 'MACANAL', '15', 'A', NULL, NULL),
('15442', 'MARIPI', '15', 'A', NULL, NULL),
('15455', 'MIRAFLORES', '15', 'A', NULL, NULL),
('15464', 'MONGUA', '15', 'A', NULL, NULL),
('15466', 'MONGUI', '15', 'A', NULL, NULL),
('15469', 'MONIQUIRA', '15', 'A', NULL, NULL),
('15476', 'MOTAVITA', '15', 'A', NULL, NULL),
('15480', 'MUZO', '15', 'A', NULL, NULL),
('15491', 'NOBSA', '15', 'A', NULL, NULL),
('15494', 'NUEVO COLON', '15', 'A', NULL, NULL),
('15500', 'OICATA', '15', 'A', NULL, NULL),
('15507', 'OTANCHE', '15', 'A', NULL, NULL),
('15511', 'PACHAVITA', '15', 'A', NULL, NULL),
('15514', 'PAEZ', '15', 'A', NULL, NULL),
('15516', 'PAIPA', '15', 'A', NULL, NULL),
('15518', 'PAJARITO', '15', 'A', NULL, NULL),
('15522', 'PANQUEBA', '15', 'A', NULL, NULL),
('15531', 'PAUNA', '15', 'A', NULL, NULL),
('15533', 'PAYA', '15', 'A', NULL, NULL),
('15537', 'PAZ DE RIO', '15', 'A', NULL, NULL),
('15542', 'PESCA', '15', 'A', NULL, NULL),
('15550', 'PISVA', '15', 'A', NULL, NULL),
('15572', 'PUERTO BOYACA', '15', 'A', NULL, NULL),
('15580', 'QUIPAMA', '15', 'A', NULL, NULL),
('15599', 'RAMIRIQUI', '15', 'A', NULL, NULL),
('15600', 'RAQUIRA', '15', 'A', NULL, NULL),
('15621', 'RONDON', '15', 'A', NULL, NULL),
('15632', 'SABOYA', '15', 'A', NULL, NULL),
('15638', 'SACHICA', '15', 'A', NULL, NULL),
('15646', 'SAMACA', '15', 'A', NULL, NULL),
('15660', 'SAN EDUARDO', '15', 'A', NULL, NULL),
('15664', 'SAN JOSE DE PARE', '15', 'A', NULL, NULL),
('15667', 'SAN LUIS DE GACENO', '15', 'A', NULL, NULL),
('15673', 'SAN MATEO', '15', 'A', NULL, NULL),
('15676', 'SAN MIGUEL DE SEMA', '15', 'A', NULL, NULL),
('15681', 'SAN PABLO DE BORBUR', '15', 'A', NULL, NULL),
('15686', 'SANTANA', '15', 'A', NULL, NULL),
('15690', 'SANTA MARIA', '15', 'A', NULL, NULL),
('15693', 'SANTA ROSA DE VITERBO', '15', 'A', NULL, NULL),
('15696', 'SANTA SOFIA', '15', 'A', NULL, NULL),
('15720', 'SATIVANORTE', '15', 'A', NULL, NULL),
('15723', 'SATIVASUR', '15', 'A', NULL, NULL),
('15740', 'SIACHOQUE', '15', 'A', NULL, NULL),
('15753', 'SOATA', '15', 'A', NULL, NULL),
('15755', 'SOCOTA', '15', 'A', NULL, NULL),
('15757', 'SOCHA', '15', 'A', NULL, NULL),
('15759', 'SOGAMOSO', '15', 'A', NULL, NULL),
('15761', 'SOMONDOCO', '15', 'A', NULL, NULL),
('15762', 'SORA', '15', 'A', NULL, NULL),
('15763', 'SOTAQUIRA', '15', 'A', NULL, NULL),
('15764', 'SORACA', '15', 'A', NULL, NULL),
('15774', 'SUSACON', '15', 'A', NULL, NULL),
('15776', 'SUTAMARCHAN', '15', 'A', NULL, NULL),
('15778', 'SUTATENZA', '15', 'A', NULL, NULL),
('15790', 'TASCO', '15', 'A', NULL, NULL),
('15798', 'TENZA', '15', 'A', NULL, NULL),
('15804', 'TIBANA', '15', 'A', NULL, NULL),
('15806', 'TIBASOSA', '15', 'A', NULL, NULL),
('15808', 'TINJACA', '15', 'A', NULL, NULL),
('15810', 'TIPACOQUE', '15', 'A', NULL, NULL),
('15814', 'TOCA', '15', 'A', NULL, NULL),
('15816', 'TOGUI', '15', 'A', NULL, NULL),
('15820', 'TOPAGA', '15', 'A', NULL, NULL),
('15822', 'TOTA', '15', 'A', NULL, NULL),
('15832', 'TUNUNGA', '15', 'A', NULL, NULL),
('15835', 'TURMEQUE', '15', 'A', NULL, NULL),
('15837', 'TUTA', '15', 'A', NULL, NULL),
('15839', 'TUTAZA', '15', 'A', NULL, NULL),
('15842', 'UMBITA', '15', 'A', NULL, NULL),
('15861', 'VENTAQUEMADA', '15', 'A', NULL, NULL),
('15879', 'VIRACACHA', '15', 'A', NULL, NULL),
('15897', 'ZETAQUIRA', '15', 'A', NULL, NULL),
('17001', 'MANIZALES', '17', 'A', NULL, NULL),
('17013', 'AGUADAS', '17', 'A', NULL, NULL),
('17042', 'ANSERMA', '17', 'A', NULL, NULL),
('17050', 'ARANZAZU', '17', 'A', NULL, NULL),
('17088', 'BELALCAZAR', '17', 'A', NULL, NULL),
('17174', 'CHINCHINA', '17', 'A', NULL, NULL),
('17272', 'FILADELFIA', '17', 'A', NULL, NULL),
('17380', 'LA DORADA', '17', 'A', NULL, NULL),
('17388', 'LA MERCED', '17', 'A', NULL, NULL),
('17433', 'MANZANARES', '17', 'A', NULL, NULL),
('17442', 'MARMATO', '17', 'A', NULL, NULL),
('17444', 'MARQUETALIA', '17', 'A', NULL, NULL),
('17446', 'MARULANDA', '17', 'A', NULL, NULL),
('17486', 'NEIRA', '17', 'A', NULL, NULL),
('17495', 'NORCASIA (CALDAS)', '17', 'A', NULL, NULL),
('17513', 'PACORA', '17', 'A', NULL, NULL),
('17524', 'PALESTINA', '17', 'A', NULL, NULL),
('17541', 'PENSILVANIA', '17', 'A', NULL, NULL),
('17614', 'RIOSUCIO', '17', 'A', NULL, NULL),
('17616', 'RISARALDA', '17', 'A', NULL, NULL),
('17653', 'SALAMINA', '17', 'A', NULL, NULL),
('17662', 'SAMANA', '17', 'A', NULL, NULL),
('17777', 'SUPIA', '17', 'A', NULL, NULL),
('17867', 'VICTORIA', '17', 'A', NULL, NULL),
('17873', 'VILLAMARIA', '17', 'A', NULL, NULL),
('17877', 'VITERBO', '17', 'A', NULL, NULL),
('18001', 'FLORENCIA', '18', 'A', NULL, NULL),
('18029', 'ALBANIA', '18', 'A', NULL, NULL),
('18094', 'BELEN DE LOS ANDAQUIES', '18', 'A', NULL, NULL),
('18150', 'CARTAGENA DEL CHAIRA', '18', 'A', NULL, NULL),
('18205', 'CURILLO', '18', 'A', NULL, NULL),
('18247', 'EL DONCELLO', '18', 'A', NULL, NULL),
('18256', 'PAUJIL', '18', 'A', NULL, NULL),
('18410', 'MONTANITA', '18', 'A', NULL, NULL),
('18460', 'MILAN', '18', 'A', NULL, NULL),
('18479', 'MORELIA', '18', 'A', NULL, NULL),
('18592', 'PUERTO RICO', '18', 'A', NULL, NULL),
('18610', 'SAN JOSE DEL FRAGUA', '18', 'A', NULL, NULL),
('18753', 'SAN VICENTE DEL CAGUAN', '18', 'A', NULL, NULL),
('18765', 'SOLANO', '18', 'A', NULL, NULL),
('18785', 'SOLITA', '18', 'A', NULL, NULL),
('18860', 'VALPARAISO', '18', 'A', NULL, NULL),
('19001', 'POPAYAN', '19', 'A', NULL, NULL),
('19022', 'ALMAGUER', '19', 'A', NULL, NULL),
('19050', 'ARGELIA', '19', 'A', NULL, NULL),
('19075', 'BALBOA', '19', 'A', NULL, NULL),
('19100', 'BOLIVAR', '19', 'A', NULL, NULL),
('19110', 'BUENOS AIRES', '19', 'A', NULL, NULL),
('19130', 'CAJIBIO', '19', 'A', NULL, NULL),
('19137', 'CALDONO', '19', 'A', NULL, NULL),
('19142', 'CALOTO', '19', 'A', NULL, NULL),
('19212', 'CORINTO', '19', 'A', NULL, NULL),
('19256', 'EL TAMBO', '19', 'A', NULL, NULL),
('19290', 'FLORENCIA', '19', 'A', NULL, NULL),
('19318', 'GUAPI', '19', 'A', NULL, NULL),
('19355', 'INZA', '19', 'A', NULL, NULL),
('19364', 'JAMBALO', '19', 'A', NULL, NULL),
('19392', 'LA SIERRA', '19', 'A', NULL, NULL),
('19397', 'LA VEGA', '19', 'A', NULL, NULL),
('19418', 'LOPEZ', '19', 'A', NULL, NULL),
('19450', 'MERCADERES', '19', 'A', NULL, NULL),
('19455', 'MIRANDA', '19', 'A', NULL, NULL),
('19473', 'MORALES', '19', 'A', NULL, NULL),
('19513', 'PADILLA', '19', 'A', NULL, NULL),
('19517', 'PAEZ (BELALCAZAR)', '19', 'A', NULL, NULL),
('19532', 'PATIA (EL BORDO)', '19', 'A', NULL, NULL),
('19548', 'PIENDAMO', '19', 'A', NULL, NULL),
('19573', 'PUERTO TEJADA', '19', 'A', NULL, NULL),
('19585', 'PURACE (COCONUCO)', '19', 'A', NULL, NULL),
('19622', 'ROSAS', '19', 'A', NULL, NULL),
('19693', 'SAN SEBASTIAN', '19', 'A', NULL, NULL),
('19698', 'SANTANDER DE QUILICHAO', '19', 'A', NULL, NULL),
('19701', 'SANTA ROSA', '19', 'A', NULL, NULL),
('19743', 'SILVIA', '19', 'A', NULL, NULL),
('19760', 'SOTARA (PAISPAMBA)', '19', 'A', NULL, NULL),
('19780', 'SUAREZ', '19', 'A', NULL, NULL),
('19785', 'SUCRE (CAUCA)', '19', 'A', NULL, NULL),
('19807', 'TIMBIO', '19', 'A', NULL, NULL),
('19809', 'TIMBIQUI', '19', 'A', NULL, NULL),
('19821', 'TORIBIO', '19', 'A', NULL, NULL),
('19824', 'TOTORO', '19', 'A', NULL, NULL),
('20001', 'VALLEDUPAR', '20', 'A', NULL, NULL),
('20011', 'AGUACHICA', '20', 'A', NULL, NULL),
('20013', 'AGUSTIN CODAZZI', '20', 'A', NULL, NULL),
('20032', 'ASTREA', '20', 'A', NULL, NULL),
('20045', 'BECERRIL', '20', 'A', NULL, NULL),
('20060', 'BOSCONIA', '20', 'A', NULL, NULL),
('20175', 'CHIMICHAGUA', '20', 'A', NULL, NULL),
('20178', 'CHIRIGUANA', '20', 'A', NULL, NULL),
('20228', 'CURUMANI', '20', 'A', NULL, NULL),
('20238', 'EL COPEY', '20', 'A', NULL, NULL),
('20250', 'EL PASO', '20', 'A', NULL, NULL),
('20295', 'GAMARRA', '20', 'A', NULL, NULL),
('20310', 'GONZALEZ', '20', 'A', NULL, NULL),
('20383', 'LA GLORIA', '20', 'A', NULL, NULL),
('20400', 'LA JAGUA DE IBIRICO', '20', 'A', NULL, NULL),
('20443', 'MANAURE BALCON DEL CESAR', '20', 'A', NULL, NULL),
('20517', 'PAILITAS', '20', 'A', NULL, NULL),
('20550', 'PELAYA', '20', 'A', NULL, NULL),
('20614', 'RIO DE ORO', '20', 'A', NULL, NULL),
('20621', 'LA PAZ', '20', 'A', NULL, NULL),
('20710', 'SAN ALBERTO', '20', 'A', NULL, NULL),
('20750', 'SAN DIEGO', '20', 'A', NULL, NULL),
('20770', 'SAN MARTIN', '20', 'A', NULL, NULL),
('20787', 'TAMALAMEQUE', '20', 'A', NULL, NULL),
('23001', 'MONTERIA', '23', 'A', NULL, NULL),
('23068', 'AYAPEL', '23', 'A', NULL, NULL),
('23079', 'BUENAVISTA', '23', 'A', NULL, NULL),
('23090', 'CANALETE', '23', 'A', NULL, NULL),
('23162', 'CERETE', '23', 'A', NULL, NULL),
('23168', 'CHIMA', '23', 'A', NULL, NULL),
('23182', 'CHINU', '23', 'A', NULL, NULL),
('23189', 'CIENAGA DE ORO', '23', 'A', NULL, NULL),
('23300', 'COTORRA', '23', 'A', NULL, NULL),
('23350', 'LA APARTADA', '23', 'A', NULL, NULL),
('23417', 'LORICA', '23', 'A', NULL, NULL),
('23419', 'LOS CORDOBAS', '23', 'A', NULL, NULL),
('23464', 'MOMIL', '23', 'A', NULL, NULL),
('23466', 'MONTELIBANO', '23', 'A', NULL, NULL),
('23500', 'MOÑITOS', '23', 'A', NULL, NULL),
('23555', 'PLANETA RICA', '23', 'A', NULL, NULL),
('23570', 'PUEBLO NUEVO', '23', 'A', NULL, NULL),
('23574', 'PUERTO ESCONDIDO', '23', 'A', NULL, NULL),
('23580', 'PUERTO LIBERTADOR', '23', 'A', NULL, NULL),
('23586', 'PURISIMA', '23', 'A', NULL, NULL),
('23660', 'SAHAGUN', '23', 'A', NULL, NULL),
('23670', 'SAN ANDRES DE SOTAVENTO', '23', 'A', NULL, NULL),
('23672', 'SAN ANTERO', '23', 'A', NULL, NULL),
('23675', 'SAN BERNARDO DEL VIENTO', '23', 'A', NULL, NULL),
('23678', 'SAN CARLOS', '23', 'A', NULL, NULL),
('23686', 'SAN PELAYO', '23', 'A', NULL, NULL),
('23807', 'TIERRALTA', '23', 'A', NULL, NULL),
('23855', 'VALENCIA', '23', 'A', NULL, NULL),
('25001', 'AGUA DE DIOS', '25', 'A', NULL, NULL),
('25019', 'ALBAN', '25', 'A', NULL, NULL),
('25035', 'ANAPOIMA', '25', 'A', NULL, NULL),
('25040', 'ANOLAIMA', '25', 'A', NULL, NULL),
('25053', 'ARBELAEZ', '25', 'A', NULL, NULL),
('25086', 'BELTRAN', '25', 'A', NULL, NULL),
('25095', 'BITUIMA', '25', 'A', NULL, NULL),
('25099', 'BOJACA', '25', 'A', NULL, NULL),
('25120', 'CABRERA', '25', 'A', NULL, NULL),
('25123', 'CACHIPAY', '25', 'A', NULL, NULL),
('25126', 'CAJICA', '25', 'A', NULL, NULL),
('25148', 'CAPARRAPI', '25', 'A', NULL, NULL),
('25151', 'CAQUEZA', '25', 'A', NULL, NULL),
('25154', 'CARMEN DE CARUPA', '25', 'A', NULL, NULL),
('25168', 'CHAGUANI', '25', 'A', NULL, NULL),
('25175', 'CHIA', '25', 'A', NULL, NULL),
('25178', 'CHIPAQUE', '25', 'A', NULL, NULL),
('25181', 'CHOACHI', '25', 'A', NULL, NULL),
('25183', 'CHOCONTA', '25', 'A', NULL, NULL),
('25200', 'COGUA', '25', 'A', NULL, NULL),
('25214', 'COTA', '25', 'A', NULL, NULL),
('25224', 'CUCUNUBA', '25', 'A', NULL, NULL),
('25245', 'EL COLEGIO', '25', 'A', NULL, NULL),
('25258', 'EL PEÑON', '25', 'A', NULL, NULL),
('25260', 'EL ROSAL', '25', 'A', NULL, NULL),
('25269', 'FACATATIVA', '25', 'A', NULL, NULL),
('25279', 'FOMEQUE', '25', 'A', NULL, NULL),
('25281', 'FOSCA', '25', 'A', NULL, NULL),
('25286', 'FUNZA', '25', 'A', NULL, NULL),
('25288', 'FUQUENE', '25', 'A', NULL, NULL),
('25290', 'FUSAGASUGA', '25', 'A', NULL, NULL),
('25293', 'GACHALA', '25', 'A', NULL, NULL),
('25295', 'GACHANCIPA', '25', 'A', NULL, NULL),
('25297', 'GACHETA', '25', 'A', NULL, NULL),
('25299', 'GAMA', '25', 'A', NULL, NULL),
('25307', 'GIRARDOT', '25', 'A', NULL, NULL),
('25312', 'GRANADA', '25', 'A', NULL, NULL),
('25317', 'GUACHETA', '25', 'A', NULL, NULL),
('25320', 'GUADUAS', '25', 'A', NULL, NULL),
('25322', 'GUASCA', '25', 'A', NULL, NULL),
('25324', 'GUATAQUI', '25', 'A', NULL, NULL),
('25326', 'GUATAVITA', '25', 'A', NULL, NULL),
('25328', 'GUAYABAL DE SIQUIMA', '25', 'A', NULL, NULL),
('25335', 'GUAYABETAL', '25', 'A', NULL, NULL),
('25339', 'GUTIERREZ', '25', 'A', NULL, NULL),
('25368', 'JERUSALEN', '25', 'A', NULL, NULL),
('25372', 'JUNIN', '25', 'A', NULL, NULL),
('25377', 'LA CALERA', '25', 'A', NULL, NULL),
('25386', 'LA MESA', '25', 'A', NULL, NULL),
('25394', 'LA PALMA', '25', 'A', NULL, NULL),
('25398', 'LA PEYA', '25', 'A', NULL, NULL),
('25402', 'LA VEGA', '25', 'A', NULL, NULL),
('25407', 'LENGUAZAQUE', '25', 'A', NULL, NULL),
('25426', 'MACHETA', '25', 'A', NULL, NULL),
('25430', 'MADRID', '25', 'A', NULL, NULL),
('25436', 'MANTA', '25', 'A', NULL, NULL),
('25438', 'MEDINA', '25', 'A', NULL, NULL),
('25473', 'MOSQUERA', '25', 'A', NULL, NULL),
('25483', 'NARIO', '25', 'A', NULL, NULL),
('25486', 'NEMOCON', '25', 'A', NULL, NULL),
('25488', 'NILO', '25', 'A', NULL, NULL),
('25489', 'NIMAIMA', '25', 'A', NULL, NULL),
('25491', 'NOCAIMA', '25', 'A', NULL, NULL),
('25506', 'VENECIA', '25', 'A', NULL, NULL),
('25513', 'PACHO', '25', 'A', NULL, NULL),
('25518', 'PAIME', '25', 'A', NULL, NULL),
('25524', 'PANDI', '25', 'A', NULL, NULL),
('25530', 'PARATEBUENO', '25', 'A', NULL, NULL),
('25535', 'PASCA', '25', 'A', NULL, NULL),
('25572', 'PUERTO SALGAR', '25', 'A', NULL, NULL),
('25580', 'PULI', '25', 'A', NULL, NULL),
('25592', 'QUEBRADANEGRA', '25', 'A', NULL, NULL),
('25594', 'QUETAME', '25', 'A', NULL, NULL),
('25596', 'QUIPILE', '25', 'A', NULL, NULL),
('25599', 'APULO', '25', 'A', NULL, NULL),
('25612', 'RICAURTE', '25', 'A', NULL, NULL),
('25645', 'SAN ANTONIO DEL TEQUENDAMA', '25', 'A', NULL, NULL),
('25649', 'SAN BERNARDO', '25', 'A', NULL, NULL),
('25653', 'SAN CAYETANO', '25', 'A', NULL, NULL),
('25658', 'SAN FRANCISCO', '25', 'A', NULL, NULL),
('25662', 'SAN JUAN DE RIOSECO', '25', 'A', NULL, NULL),
('25718', 'SASAIMA', '25', 'A', NULL, NULL),
('25736', 'SESQUILE', '25', 'A', NULL, NULL),
('25740', 'SIBATE', '25', 'A', NULL, NULL),
('25743', 'SILVANIA', '25', 'A', NULL, NULL),
('25745', 'SIMIJACA', '25', 'A', NULL, NULL),
('25754', 'SOACHA', '25', 'A', NULL, NULL),
('25758', 'SOPO', '25', 'A', NULL, NULL),
('25769', 'SUBACHOQUE', '25', 'A', NULL, NULL),
('25772', 'SUESCA', '25', 'A', NULL, NULL),
('25777', 'SUPATA', '25', 'A', NULL, NULL),
('25779', 'SUSA', '25', 'A', NULL, NULL),
('25781', 'SUTATAUSA', '25', 'A', NULL, NULL),
('25785', 'TABIO', '25', 'A', NULL, NULL),
('25793', 'TAUSA', '25', 'A', NULL, NULL),
('25797', 'TENA', '25', 'A', NULL, NULL),
('25799', 'TENJO', '25', 'A', NULL, NULL),
('25805', 'TIBACUY', '25', 'A', NULL, NULL),
('25807', 'TIBIRITA', '25', 'A', NULL, NULL),
('25815', 'TOCAIMA', '25', 'A', NULL, NULL),
('25817', 'TOCANCIPA', '25', 'A', NULL, NULL),
('25823', 'TOPAIPI', '25', 'A', NULL, NULL),
('25839', 'UBALA', '25', 'A', NULL, NULL),
('25841', 'UBAQUE', '25', 'A', NULL, NULL),
('25843', 'UBATE', '25', 'A', NULL, NULL),
('25845', 'UNE', '25', 'A', NULL, NULL),
('25851', 'UTICA', '25', 'A', NULL, NULL),
('25862', 'VERGARA', '25', 'A', NULL, NULL),
('25867', 'VIANI', '25', 'A', NULL, NULL),
('25871', 'VILLAGOMEZ', '25', 'A', NULL, NULL),
('25873', 'VILLAPINZON', '25', 'A', NULL, NULL),
('25875', 'VILLETA', '25', 'A', NULL, NULL),
('25878', 'VIOTA', '25', 'A', NULL, NULL),
('25885', 'YACOPI', '25', 'A', NULL, NULL),
('25890', 'ULALA', '25', 'A', NULL, NULL),
('25898', 'ZIPACON', '25', 'A', NULL, NULL),
('25899', 'ZIPAQUIRA', '25', 'A', NULL, NULL),
('27001', 'QUIBDO', '27', 'A', NULL, NULL),
('27006', 'ACANDI', '27', 'A', NULL, NULL),
('27050', 'ATRATO (CHOCO)', '27', 'A', NULL, NULL),
('27073', 'BAGADO', '27', 'A', NULL, NULL),
('27075', 'BAHIA SOLANO (MUTIS)', '27', 'A', NULL, NULL),
('27077', 'BAJO BAUDO (PIZARRO)', '27', 'A', NULL, NULL),
('27086', 'BLEN DE BAJIRA (CHOCO)', '27', 'A', NULL, NULL),
('27099', 'BOJAYA (BELLAVISTA)', '27', 'A', NULL, NULL),
('27205', 'CONDOTO', '27', 'A', NULL, NULL),
('27245', 'EL CARMEN DE ATRATO', '27', 'A', NULL, NULL),
('27361', 'ISTMINA', '27', 'A', NULL, NULL),
('27372', 'JURADO', '27', 'A', NULL, NULL),
('27413', 'LLORO', '27', 'A', NULL, NULL),
('27491', 'NOVITA', '27', 'A', NULL, NULL),
('27495', 'NUQUI', '27', 'A', NULL, NULL),
('27580', 'RIO IRO (CHOCO)', '27', 'A', NULL, NULL),
('27615', 'RIOSUCIO', '27', 'A', NULL, NULL),
('27660', 'SAN JOSE DEL PALMAR', '27', 'A', NULL, NULL),
('27745', 'SIPI', '27', 'A', NULL, NULL),
('27787', 'TADO', '27', 'A', NULL, NULL),
('27800', 'UNGUIA', '27', 'A', NULL, NULL),
('41001', 'NEIVA', '41', 'A', NULL, NULL),
('41006', 'ACEVEDO', '41', 'A', NULL, NULL),
('41013', 'AGRADO', '41', 'A', NULL, NULL),
('41016', 'AIPE', '41', 'A', NULL, NULL),
('41020', 'ALGECIRAS', '41', 'A', NULL, NULL),
('41026', 'ALTAMIRA', '41', 'A', NULL, NULL),
('41078', 'BARAYA', '41', 'A', NULL, NULL),
('41132', 'CAMPOALEGRE', '41', 'A', NULL, NULL),
('41206', 'COLOMBIA', '41', 'A', NULL, NULL),
('41244', 'ELIAS', '41', 'A', NULL, NULL),
('41298', 'GARZON', '41', 'A', NULL, NULL),
('41306', 'GIGANTE', '41', 'A', NULL, NULL),
('41319', 'GUADALUPE', '41', 'A', NULL, NULL),
('41349', 'HOBO', '41', 'A', NULL, NULL),
('41357', 'IQUIRA', '41', 'A', NULL, NULL),
('41359', 'ISNOS', '41', 'A', NULL, NULL),
('41378', 'LA ARGENTINA', '41', 'A', NULL, NULL),
('41396', 'LA PLATA', '41', 'A', NULL, NULL),
('41483', 'NATAGA', '41', 'A', NULL, NULL),
('41503', 'OPORAPA', '41', 'A', NULL, NULL),
('41518', 'PAICOL', '41', 'A', NULL, NULL),
('41524', 'PALERMO', '41', 'A', NULL, NULL),
('41530', 'PALESTINA', '41', 'A', NULL, NULL),
('41548', 'PITAL', '41', 'A', NULL, NULL),
('41551', 'PITALITO', '41', 'A', NULL, NULL),
('41615', 'RIVERA', '41', 'A', NULL, NULL),
('41660', 'SALADOBLANCO', '41', 'A', NULL, NULL),
('41668', 'SAN AGUSTIN', '41', 'A', NULL, NULL),
('41676', 'SANTA MARIA', '41', 'A', NULL, NULL),
('41770', 'SUAZA', '41', 'A', NULL, NULL),
('41791', 'TARQUI', '41', 'A', NULL, NULL),
('41797', 'TESALIA', '41', 'A', NULL, NULL),
('41799', 'TELLO', '41', 'A', NULL, NULL),
('41801', 'TERUEL', '41', 'A', NULL, NULL),
('41807', 'TIMANA', '41', 'A', NULL, NULL),
('41872', 'VILLAVIEJA', '41', 'A', NULL, NULL),
('41885', 'YAGUARA', '41', 'A', NULL, NULL),
('44001', 'RIOHACHA', '44', 'A', NULL, NULL),
('44035', 'ALBANIA (GUAJIRA)', '44', 'A', NULL, NULL),
('44078', 'BARRANCAS', '44', 'A', NULL, NULL),
('44090', 'DIBULLA', '44', 'A', NULL, NULL),
('44098', 'DISTRACCION', '44', 'A', NULL, NULL),
('44110', 'EL MOLINO', '44', 'A', NULL, NULL),
('44279', 'FONSECA', '44', 'A', NULL, NULL),
('44378', 'HATO NUEVO', '44', 'A', NULL, NULL),
('44430', 'MAICAO', '44', 'A', NULL, NULL),
('44560', 'MANAURE', '44', 'A', NULL, NULL),
('44650', 'SAN JUAN DEL CESAR', '44', 'A', NULL, NULL),
('44847', 'URIBIA', '44', 'A', NULL, NULL),
('44855', 'URUMITA', '44', 'A', NULL, NULL),
('44874', 'VILLANUEVA', '44', 'A', NULL, NULL),
('47001', 'SANTA MARTA', '47', 'A', NULL, NULL),
('47053', 'ARACATACA', '47', 'A', NULL, NULL),
('47161', 'CERRO DE SAN ANTONIO', '47', 'A', NULL, NULL),
('47170', 'CHIVOLO', '47', 'A', NULL, NULL),
('27135', 'EL CANTON DE SAN PABLO', '27', 'A', NULL, NULL),
('27250', 'EL LITORAL DEL SAN JUAN', '27', 'A', NULL, NULL),
('27150', 'CARMEN DEL DARIEN', '27', 'A', NULL, NULL),
('47030', 'ALGARROBO', '47', 'A', NULL, NULL),
('47058', 'ARIGUANI', '47', 'A', NULL, NULL),
('47189', 'CIENAGA', '47', 'A', NULL, NULL),
('47245', 'EL BANCO', '47', 'A', NULL, NULL),
('47258', 'EL PINON', '47', 'A', NULL, NULL),
('47268', 'EL RETEN', '47', 'A', NULL, NULL),
('47288', 'FUNDACION', '47', 'A', NULL, NULL),
('47318', 'GUAMAL', '47', 'A', NULL, NULL),
('47541', 'PEDRAZA', '47', 'A', NULL, NULL),
('47545', 'PIJINO DEL CARMEN', '47', 'A', NULL, NULL),
('47551', 'PIVIJAY', '47', 'A', NULL, NULL),
('47555', 'PLATO', '47', 'A', NULL, NULL),
('47570', 'PUEBLOVIEJO', '47', 'A', NULL, NULL),
('47605', 'REMOLINO', '47', 'A', NULL, NULL),
('47675', 'SALAMINA', '47', 'A', NULL, NULL),
('47692', 'SAN SEBASTIAN DE BUENAVISTA', '47', 'A', NULL, NULL),
('47703', 'SAN ZENON', '47', 'A', NULL, NULL),
('47707', 'SANTA ANA', '47', 'A', NULL, NULL),
('47745', 'SITIONUEVO', '47', 'A', NULL, NULL),
('47798', 'TENERIFE', '47', 'A', NULL, NULL),
('50001', 'VILLAVICENCIO', '50', 'A', NULL, NULL),
('50006', 'ACACIAS', '50', 'A', NULL, NULL),
('5001', 'MEDELLIN', '5', 'A', NULL, NULL),
('5002', 'ABEJORRAL', '5', 'A', NULL, NULL),
('5004', 'ABRIAQUI', '5', 'A', NULL, NULL),
('50110', 'BARRANCA DE UPIA', '50', 'A', NULL, NULL),
('50124', 'CABUYARO', '50', 'A', NULL, NULL),
('50150', 'CASTILLA LA NUEVA', '50', 'A', NULL, NULL),
('5021', 'ALEJANDRIA', '5', 'A', NULL, NULL),
('50223', 'CUBARRAL', '50', 'A', NULL, NULL),
('50226', 'CUMARAL', '50', 'A', NULL, NULL),
('50245', 'EL CALVARIO', '50', 'A', NULL, NULL),
('50251', 'EL CASTILLO', '50', 'A', NULL, NULL),
('50270', 'EL DORADO', '50', 'A', NULL, NULL),
('50287', 'FUENTE DE ORO', '50', 'A', NULL, NULL),
('5030', 'AMAGA', '5', 'A', NULL, NULL),
('5031', 'AMALFI', '5', 'A', NULL, NULL),
('50313', 'GRANADA', '50', 'A', NULL, NULL),
('50318', 'GUAMAL', '50', 'A', NULL, NULL),
('50325', 'MAPIRIPAN', '50', 'A', NULL, NULL),
('50330', 'MESETAS', '50', 'A', NULL, NULL),
('5034', 'ANDES', '5', 'A', NULL, NULL),
('50350', 'LA MACARENA', '50', 'A', NULL, NULL),
('5036', 'ANGELOPOLIS', '5', 'A', NULL, NULL),
('50370', 'URIBE', '50', 'A', NULL, NULL),
('5038', 'ANGOSTURA', '5', 'A', NULL, NULL),
('5040', 'ANORI', '5', 'A', NULL, NULL),
('50400', 'LEJANIAS', '50', 'A', NULL, NULL),
('5042', 'SANTA FE DE ANTIOQUIA', '5', 'A', NULL, NULL),
('5044', 'ANZA', '5', 'A', NULL, NULL),
('5045', 'APARTADO', '5', 'A', NULL, NULL),
('50450', 'PUERTO CONCORDIA', '50', 'A', NULL, NULL),
('5051', 'ARBOLETES', '5', 'A', NULL, NULL),
('5055', 'ARGELIA', '5', 'A', NULL, NULL),
('50568', 'PUERTO GAITAN', '50', 'A', NULL, NULL),
('50573', 'PUERTO LOPEZ', '50', 'A', NULL, NULL),
('50577', 'PUERTO LLERAS', '50', 'A', NULL, NULL),
('5059', 'ARMENIA', '5', 'A', NULL, NULL),
('50590', 'PUERTO RICO', '50', 'A', NULL, NULL),
('50606', 'RESTREPO', '50', 'A', NULL, NULL),
('50680', 'SAN CARLOS DE GUAROA', '50', 'A', NULL, NULL),
('50683', 'SAN JUAN DE ARAMA', '50', 'A', NULL, NULL),
('50686', 'SAN JUANITO', '50', 'A', NULL, NULL),
('50689', 'SAN MARTIN', '50', 'A', NULL, NULL),
('50711', 'VISTAHERMOSA', '50', 'A', NULL, NULL),
('5079', 'BARBOSA', '5', 'A', NULL, NULL),
('5086', 'BELMIRA', '5', 'A', NULL, NULL),
('5088', 'BELLO', '5', 'A', NULL, NULL),
('5091', 'BETANIA', '5', 'A', NULL, NULL),
('5093', 'BETULIA', '5', 'A', NULL, NULL),
('5101', 'CIUDAD BOLIVAR', '5', 'A', NULL, NULL),
('5107', 'BRICEY0', '5', 'A', NULL, NULL),
('5113', 'BURITICA', '5', 'A', NULL, NULL),
('5120', 'CACERES', '5', 'A', NULL, NULL),
('5125', 'CAICEDO', '5', 'A', NULL, NULL),
('5129', 'CALDAS', '5', 'A', NULL, NULL),
('5134', 'CAMPAMENTO', '5', 'A', NULL, NULL),
('5138', 'CAÑASGORDAS', '5', 'A', NULL, NULL),
('5142', 'CARACOLI', '5', 'A', NULL, NULL),
('5145', 'CARAMANTA', '5', 'A', NULL, NULL),
('5147', 'CAREPA', '5', 'A', NULL, NULL),
('5148', 'CARMEN DE VIBORAL', '5', 'A', NULL, NULL),
('5150', 'CAROLINA', '5', 'A', NULL, NULL),
('5154', 'CAUCASIA', '5', 'A', NULL, NULL),
('5172', 'CHIGORODO', '5', 'A', NULL, NULL),
('5190', 'CISNEROS', '5', 'A', NULL, NULL),
('5197', 'COCORNA', '5', 'A', NULL, NULL),
('52001', 'PASTO', '52', 'A', NULL, NULL),
('52022', 'ALDANA', '52', 'A', NULL, NULL),
('52036', 'ANCUYA', '52', 'A', NULL, NULL),
('5206', 'CONCEPCION', '5', 'A', NULL, NULL),
('52079', 'BARBACOAS', '52', 'A', NULL, NULL),
('52083', 'BELEN', '52', 'A', NULL, NULL),
('5209', 'CONCORDIA', '5', 'A', NULL, NULL),
('52110', 'BUESACO', '52', 'A', NULL, NULL),
('5212', 'COPACABANA', '5', 'A', NULL, NULL),
('52207', 'CONSACA', '52', 'A', NULL, NULL),
('52210', 'CONTADERO', '52', 'A', NULL, NULL),
('52215', 'CORDOBA', '52', 'A', NULL, NULL),
('52227', 'CUMBAL', '52', 'A', NULL, NULL),
('52233', 'CUMBITARA', '52', 'A', NULL, NULL),
('52240', 'CHACHAGUI', '52', 'A', NULL, NULL),
('52250', 'EL CHARCO', '52', 'A', NULL, NULL),
('52256', 'EL ROSARIO', '52', 'A', NULL, NULL),
('52258', 'EL TABLON DE GOMEZ', '52', 'A', NULL, NULL),
('52260', 'EL TAMBO', '52', 'A', NULL, NULL),
('52287', 'FUNES', '52', 'A', NULL, NULL),
('52317', 'GUACHUCAL', '52', 'A', NULL, NULL),
('52320', 'GUAITARILLA', '52', 'A', NULL, NULL),
('52323', 'GUALMATAN', '52', 'A', NULL, NULL),
('5234', 'DABEIBA', '5', 'A', NULL, NULL),
('52352', 'ILES', '52', 'A', NULL, NULL),
('52354', 'IMUES', '52', 'A', NULL, NULL),
('52356', 'IPIALES', '52', 'A', NULL, NULL),
('5237', 'DON MATIAS', '5', 'A', NULL, NULL),
('52378', 'LA CRUZ', '52', 'A', NULL, NULL),
('52381', 'LA FLORIDA', '52', 'A', NULL, NULL),
('52385', 'LA LLANADA', '52', 'A', NULL, NULL),
('52390', 'LA TOLA', '52', 'A', NULL, NULL),
('52399', 'LA UNION', '52', 'A', NULL, NULL),
('5240', 'EBEJICO', '5', 'A', NULL, NULL),
('52405', 'LEIVA', '52', 'A', NULL, NULL),
('52411', 'LINARES', '52', 'A', NULL, NULL),
('52427', 'MAGUI (PAYAN)', '52', 'A', NULL, NULL),
('52473', 'MOSQUERA', '52', 'A', NULL, NULL),
('5250', 'EL BAGRE', '5', 'A', NULL, NULL),
('52506', 'OSPINA', '52', 'A', NULL, NULL),
('52520', 'FRANCISCO PIZARRO', '52', 'A', NULL, NULL),
('52540', 'POLICARPA', '52', 'A', NULL, NULL),
('52560', 'POTOSI', '52', 'A', NULL, NULL),
('52565', 'PROVIDENCIA', '52', 'A', NULL, NULL),
('52573', 'PUERRES', '52', 'A', NULL, NULL),
('52585', 'PUPIALES', '52', 'A', NULL, NULL),
('52612', 'RICAURTE', '52', 'A', NULL, NULL),
('5264', 'ENTRERRIOS', '5', 'A', NULL, NULL),
('5266', 'ENVIGADO', '5', 'A', NULL, NULL),
('52678', 'SAMANIEGO', '52', 'A', NULL, NULL),
('52683', 'SANDONA', '52', 'A', NULL, NULL),
('52685', 'SAN BERNARDO', '52', 'A', NULL, NULL),
('52687', 'SAN LORENZO', '52', 'A', NULL, NULL),
('52693', 'SAN PABLO', '52', 'A', NULL, NULL),
('52699', 'SANTA CRUZ (GUACHAVEZ)', '52', 'A', NULL, NULL),
('52720', 'SAPUYES', '52', 'A', NULL, NULL),
('52786', 'TAMINANGO', '52', 'A', NULL, NULL),
('52788', 'TANGUA', '52', 'A', NULL, NULL),
('5282', 'FREDONIA', '5', 'A', NULL, NULL),
('52835', 'TUMACO', '52', 'A', NULL, NULL),
('52838', 'TUQUERRES', '52', 'A', NULL, NULL),
('5284', 'FRONTINO', '5', 'A', NULL, NULL),
('52885', 'YACUANQUER', '52', 'A', NULL, NULL),
('47980', 'ZONA BANANERA', '47', 'A', NULL, NULL),
('52051', 'ARBOLEDA', '52', 'A', NULL, NULL),
('52019', 'ALBAN', '52', 'A', NULL, NULL),
('52224', 'CUASPUD', '52', 'A', NULL, NULL),
('52203', 'COLON', '52', 'A', NULL, NULL),
('52490', 'OLAYA HERRERA', '52', 'A', NULL, NULL),
('52435', 'MALLAMA', '52', 'A', NULL, NULL),
('52418', 'LOS ANDES', '52', 'A', NULL, NULL),
('52694', 'SAN PEDRO DE CARTAGO', '52', 'A', NULL, NULL),
('52696', 'SANTA BARBARA', '52', 'A', NULL, NULL),
('52621', 'ROBERTO PAYAN', '52', 'A', NULL, NULL),
('5306', 'GIRALDO', '5', 'A', NULL, NULL),
('5308', 'GIRARDOTA', '5', 'A', NULL, NULL),
('5310', 'GOMEZ PLATA', '5', 'A', NULL, NULL),
('5313', 'GRANADA', '5', 'A', NULL, NULL),
('5315', 'GUADALUPE', '5', 'A', NULL, NULL),
('5318', 'GUARNE', '5', 'A', NULL, NULL),
('5321', 'GUATAPE', '5', 'A', NULL, NULL),
('5347', 'HELICONIA', '5', 'A', NULL, NULL),
('5353', 'HISPANIA', '5', 'A', NULL, NULL),
('5360', 'ITAGUI', '5', 'A', NULL, NULL),
('5361', 'ITUANGO', '5', 'A', NULL, NULL),
('5364', 'JARDIN', '5', 'A', NULL, NULL),
('5368', 'JERICO', '5', 'A', NULL, NULL),
('5376', 'LA CEJA', '5', 'A', NULL, NULL),
('5380', 'LA ESTRELLA', '5', 'A', NULL, NULL),
('5390', 'LA PINTADA', '5', 'A', NULL, NULL),
('5400', 'LA UNION', '5', 'A', NULL, NULL),
('54001', 'CUCUTA', '54', 'A', NULL, NULL),
('54003', 'ABREGO', '54', 'A', NULL, NULL),
('54051', 'ARBOLEDAS', '54', 'A', NULL, NULL),
('54099', 'BOCHALEMA', '54', 'A', NULL, NULL),
('54109', 'BUCARASICA', '54', 'A', NULL, NULL),
('5411', 'LIBORINA', '5', 'A', NULL, NULL),
('54125', 'CACOTA', '54', 'A', NULL, NULL),
('54128', 'CACHIRA', '54', 'A', NULL, NULL),
('54172', 'CHINACOTA', '54', 'A', NULL, NULL),
('54174', 'CHITAGA', '54', 'A', NULL, NULL),
('54206', 'CONVENCION', '54', 'A', NULL, NULL),
('54223', 'CUCUTILLA', '54', 'A', NULL, NULL),
('54239', 'DURANIA', '54', 'A', NULL, NULL),
('54245', 'EL CARMEN', '54', 'A', NULL, NULL),
('5425', 'MACEO', '5', 'A', NULL, NULL),
('54250', 'EL TARRA', '54', 'A', NULL, NULL),
('54261', 'EL ZULIA', '54', 'A', NULL, NULL),
('54313', 'GRAMALOTE', '54', 'A', NULL, NULL),
('54344', 'HACARI', '54', 'A', NULL, NULL),
('54347', 'HERRAN', '54', 'A', NULL, NULL),
('54377', 'LABATECA', '54', 'A', NULL, NULL),
('54385', 'LA ESPERANZA', '54', 'A', NULL, NULL),
('54398', 'LA PLAYA', '54', 'A', NULL, NULL),
('5440', 'MARINILLA', '5', 'A', NULL, NULL),
('54405', 'LOS PATIOS', '54', 'A', NULL, NULL),
('54418', 'LOURDES', '54', 'A', NULL, NULL),
('54480', 'MUTISCUA', '54', 'A', NULL, NULL),
('54498', 'OCAÑA', '54', 'A', NULL, NULL),
('54518', 'PAMPLONA', '54', 'A', NULL, NULL),
('54520', 'PAMPLONITA', '54', 'A', NULL, NULL),
('54553', 'PUERTO SANTANDER', '54', 'A', NULL, NULL),
('54599', 'RAGONVALIA', '54', 'A', NULL, NULL),
('54660', 'SALAZAR', '54', 'A', NULL, NULL),
('5467', 'MONTEBELLO', '5', 'A', NULL, NULL),
('54670', 'SAN CALIXTO', '54', 'A', NULL, NULL),
('54673', 'SAN CAYETANO', '54', 'A', NULL, NULL),
('54680', 'SANTIAGO', '54', 'A', NULL, NULL),
('54720', 'SARDINATA', '54', 'A', NULL, NULL),
('54743', 'SILOS', '54', 'A', NULL, NULL),
('5475', 'MURINDO', '5', 'A', NULL, NULL),
('5480', 'MUTATA', '5', 'A', NULL, NULL),
('54800', 'TEORAMA', '54', 'A', NULL, NULL),
('54810', 'TIBU', '54', 'A', NULL, NULL),
('54820', 'TOLEDO', '54', 'A', NULL, NULL),
('5483', 'NARIÑO', '5', 'A', NULL, NULL),
('54871', 'VILLACARO', '54', 'A', NULL, NULL),
('54874', 'VILLA DEL ROSARIO', '54', 'A', NULL, NULL),
('5490', 'NECOCLI', '5', 'A', NULL, NULL),
('5495', 'NECHI', '5', 'A', NULL, NULL),
('5501', 'OLAYA', '5', 'A', NULL, NULL),
('5541', 'EL PEÑOL', '5', 'A', NULL, NULL),
('5543', 'PEQUE', '5', 'A', NULL, NULL),
('5576', 'PUEBLO RICO', '5', 'A', NULL, NULL),
('5579', 'PUERTO BERRIO', '5', 'A', NULL, NULL),
('5585', 'PUERTO NARE', '5', 'A', NULL, NULL),
('5591', 'PUERTO TRIUNFO', '5', 'A', NULL, NULL),
('5604', 'REMEDIOS', '5', 'A', NULL, NULL),
('5607', 'EL RETIRO', '5', 'A', NULL, NULL),
('5615', 'RIONEGRO', '5', 'A', NULL, NULL),
('5628', 'SABANALARGA', '5', 'A', NULL, NULL),
('5631', 'SABANETA', '5', 'A', NULL, NULL),
('5642', 'SALGAR', '5', 'A', NULL, NULL),
('5647', 'SAN ANDRES', '5', 'A', NULL, NULL),
('5649', 'SAN CARLOS', '5', 'A', NULL, NULL),
('5652', 'SAN FRANCISCO', '5', 'A', NULL, NULL),
('5656', 'SAN JERONIMO', '5', 'A', NULL, NULL),
('5658', 'SAN JOSE DE LA MONTA(A', '5', 'A', NULL, NULL),
('5659', 'SAN JUAN DE URABA', '5', 'A', NULL, NULL),
('5660', 'SAN LUIS', '5', 'A', NULL, NULL),
('5664', 'SAN PEDRO', '5', 'A', NULL, NULL),
('5665', 'SAN PEDRO DE URABA', '5', 'A', NULL, NULL),
('5667', 'SAN RAFAEL', '5', 'A', NULL, NULL),
('5670', 'SAN ROQUE', '5', 'A', NULL, NULL),
('5674', 'SAN VICENTE', '5', 'A', NULL, NULL),
('5679', 'SANTA BARBARA', '5', 'A', NULL, NULL),
('5686', 'SANTA ROSA DE OSOS', '5', 'A', NULL, NULL),
('5690', 'SANTO DOMINGO', '5', 'A', NULL, NULL),
('5697', 'SANTUARIO', '5', 'A', NULL, NULL),
('5736', 'SEGOVIA', '5', 'A', NULL, NULL),
('5756', 'SONSON', '5', 'A', NULL, NULL),
('5761', 'SOPETRAN', '5', 'A', NULL, NULL),
('5789', 'TAMESIS', '5', 'A', NULL, NULL),
('5790', 'TARAZA', '5', 'A', NULL, NULL),
('5792', 'TARSO', '5', 'A', NULL, NULL),
('5809', 'TITIRIBI', '5', 'A', NULL, NULL),
('5819', 'TOLEDO', '5', 'A', NULL, NULL),
('5837', 'TURBO', '5', 'A', NULL, NULL),
('5842', 'URAMITA', '5', 'A', NULL, NULL),
('5847', 'URRAO', '5', 'A', NULL, NULL),
('5854', 'VALDIVIA', '5', 'A', NULL, NULL),
('5856', 'VALPARAISO', '5', 'A', NULL, NULL),
('5858', 'VEGACHI', '5', 'A', NULL, NULL),
('5861', 'VENECIA', '5', 'A', NULL, NULL),
('5873', 'VIGIA DEL FUERTE', '5', 'A', NULL, NULL),
('5885', 'YALI', '5', 'A', NULL, NULL),
('5887', 'YARUMAL', '5', 'A', NULL, NULL),
('5890', 'YOLOMBO', '5', 'A', NULL, NULL),
('5893', 'YONDO', '5', 'A', NULL, NULL),
('5895', 'ZARAGOZA', '5', 'A', NULL, NULL),
('63001', 'ARMENIA', '63', 'A', NULL, NULL),
('63111', 'BUENAVISTA', '63', 'A', NULL, NULL),
('63130', 'CALARCA', '63', 'A', NULL, NULL),
('63190', 'CIRCASIA', '63', 'A', NULL, NULL),
('63212', 'CORDOBA', '63', 'A', NULL, NULL),
('63272', 'FILANDIA', '63', 'A', NULL, NULL),
('63302', 'GENOVA', '63', 'A', NULL, NULL),
('63401', 'LA TEBAIDA', '63', 'A', NULL, NULL),
('63470', 'MONTENEGRO', '63', 'A', NULL, NULL),
('63548', 'PIJAO', '63', 'A', NULL, NULL),
('63594', 'QUIMBAYA', '63', 'A', NULL, NULL),
('63690', 'SALENTO', '63', 'A', NULL, NULL),
('65534', 'ADUANAS ESPECIALES', '11', 'A', NULL, NULL),
('65535', 'AEROPUERTO EL DORADO', '11', 'A', NULL, NULL),
('66001', 'PEREIRA', '66', 'A', NULL, NULL),
('66045', 'APIA', '66', 'A', NULL, NULL),
('66075', 'BALBOA', '66', 'A', NULL, NULL),
('66088', 'BELEN DE UMBRIA', '66', 'A', NULL, NULL),
('66170', 'DOS QUEBRADAS', '66', 'A', NULL, NULL),
('66318', 'GUATICA', '66', 'A', NULL, NULL),
('66383', 'LA CELIA', '66', 'A', NULL, NULL),
('66400', 'LA VIRGINIA', '66', 'A', NULL, NULL),
('66440', 'MARSELLA', '66', 'A', NULL, NULL),
('66456', 'MISTRATO', '66', 'A', NULL, NULL),
('66572', 'PUEBLO RICO', '66', 'A', NULL, NULL),
('66594', 'QUINCHIA', '66', 'A', NULL, NULL),
('66682', 'SANTA ROSA DE CABAL', '66', 'A', NULL, NULL),
('66687', 'SANTUARIO', '66', 'A', NULL, NULL),
('68001', 'BUCARAMANGA', '68', 'A', NULL, NULL),
('68013', 'AGUADA', '68', 'A', NULL, NULL),
('68020', 'ALBANIA', '68', 'A', NULL, NULL),
('68051', 'ARATOCA', '68', 'A', NULL, NULL),
('68077', 'BARBOSA', '68', 'A', NULL, NULL),
('68079', 'BARICHARA', '68', 'A', NULL, NULL),
('68081', 'BARRANCABERMEJA', '68', 'A', NULL, NULL),
('68092', 'BETULIA', '68', 'A', NULL, NULL),
('68101', 'BOLIVAR', '68', 'A', NULL, NULL),
('68121', 'CABRERA', '68', 'A', NULL, NULL),
('68132', 'CALIFORNIA', '68', 'A', NULL, NULL),
('68147', 'CAPITANEJO', '68', 'A', NULL, NULL),
('68152', 'CARCASI', '68', 'A', NULL, NULL),
('68160', 'CEPITA', '68', 'A', NULL, NULL),
('68162', 'CERRITO', '68', 'A', NULL, NULL),
('68167', 'CHARALA', '68', 'A', NULL, NULL),
('68169', 'CHARTA', '68', 'A', NULL, NULL),
('68176', 'CHIMA', '68', 'A', NULL, NULL),
('68179', 'CHIPATA', '68', 'A', NULL, NULL),
('68190', 'CIMITARRA', '68', 'A', NULL, NULL),
('68207', 'CONCEPCION', '68', 'A', NULL, NULL),
('68209', 'CONFINES', '68', 'A', NULL, NULL),
('68211', 'CONTRATACION', '68', 'A', NULL, NULL),
('68217', 'COROMORO', '68', 'A', NULL, NULL),
('68229', 'CURITI', '68', 'A', NULL, NULL),
('68235', 'EL CARMEN DE CHUCURI', '68', 'A', NULL, NULL),
('68245', 'EL GUACAMAYO', '68', 'A', NULL, NULL),
('68250', 'EL PEÑON', '68', 'A', NULL, NULL),
('68255', 'EL PLAYON', '68', 'A', NULL, NULL),
('68264', 'ENCINO', '68', 'A', NULL, NULL),
('68266', 'ENCISO', '68', 'A', NULL, NULL),
('68271', 'FLORIAN', '68', 'A', NULL, NULL),
('68276', 'FLORIDABLANCA', '68', 'A', NULL, NULL),
('68296', 'GALAN', '68', 'A', NULL, NULL),
('68298', 'GAMBITA', '68', 'A', NULL, NULL),
('68307', 'GIRON', '68', 'A', NULL, NULL),
('68318', 'GUACA', '68', 'A', NULL, NULL),
('68320', 'GUADALUPE', '68', 'A', NULL, NULL),
('68322', 'GUAPOTA', '68', 'A', NULL, NULL),
('68324', 'GUAVATA', '68', 'A', NULL, NULL),
('68327', 'GUEPSA', '68', 'A', NULL, NULL),
('68344', 'HATO', '68', 'A', NULL, NULL),
('68368', 'JESUS MARIA', '68', 'A', NULL, NULL),
('68370', 'JORDAN', '68', 'A', NULL, NULL),
('68377', 'LA BELLEZA', '68', 'A', NULL, NULL),
('68385', 'LANDAZURI', '68', 'A', NULL, NULL),
('68397', 'LA PAZ', '68', 'A', NULL, NULL),
('68406', 'LEBRIJA', '68', 'A', NULL, NULL),
('68418', 'LOS SANTOS', '68', 'A', NULL, NULL),
('68425', 'MARACAVITA', '68', 'A', NULL, NULL),
('68432', 'MALAGA', '68', 'A', NULL, NULL),
('68444', 'MATANZA', '68', 'A', NULL, NULL),
('68464', 'MOGOTES', '68', 'A', NULL, NULL),
('68468', 'MOLAGAVITA', '68', 'A', NULL, NULL),
('68498', 'OCAMONTE', '68', 'A', NULL, NULL),
('68500', 'OIBA', '68', 'A', NULL, NULL),
('68502', 'ONZAGA', '68', 'A', NULL, NULL),
('68522', 'PALMAR', '68', 'A', NULL, NULL),
('68524', 'PALMAS DEL SOCORRO', '68', 'A', NULL, NULL),
('68533', 'PARAMO', '68', 'A', NULL, NULL),
('68547', 'PIEDECUESTA', '68', 'A', NULL, NULL),
('68549', 'PINCHOTE', '68', 'A', NULL, NULL),
('68572', 'PUENTE NACIONAL', '68', 'A', NULL, NULL),
('68573', 'PUERTO PARRA', '68', 'A', NULL, NULL),
('68575', 'PUERTO WILCHES', '68', 'A', NULL, NULL),
('68615', 'RIONEGRO', '68', 'A', NULL, NULL),
('68655', 'SABANA DE TORRES', '68', 'A', NULL, NULL),
('68669', 'SAN ANDRES', '68', 'A', NULL, NULL),
('68673', 'SAN BENITO', '68', 'A', NULL, NULL),
('68679', 'SAN GIL', '68', 'A', NULL, NULL),
('68682', 'SAN JOAQUIN', '68', 'A', NULL, NULL),
('68684', 'SAN JOSE DE MIRANDA', '68', 'A', NULL, NULL),
('68686', 'SAN MIGUEL', '68', 'A', NULL, NULL),
('68689', 'SAN VICENTE DEL CHUCURI', '68', 'A', NULL, NULL),
('68705', 'SANTA BARBARA', '68', 'A', NULL, NULL),
('68720', 'SANTA HELENA DEL OPON', '68', 'A', NULL, NULL),
('68745', 'SIMACOTA', '68', 'A', NULL, NULL),
('68755', 'SOCORRO', '68', 'A', NULL, NULL),
('68770', 'SUAITA', '68', 'A', NULL, NULL),
('68773', 'SUCRE', '68', 'A', NULL, NULL),
('68780', 'SURATA', '68', 'A', NULL, NULL),
('68820', 'TONA', '68', 'A', NULL, NULL),
('68855', 'VALLE DE SAN JOSE', '68', 'A', NULL, NULL),
('68861', 'VELEZ', '68', 'A', NULL, NULL),
('68867', 'VETAS', '68', 'A', NULL, NULL),
('68872', 'VILLANUEVA', '68', 'A', NULL, NULL),
('68895', 'ZAPATOCA', '68', 'A', NULL, NULL),
('70001', 'SINCELEJO', '70', 'A', NULL, NULL),
('70110', 'BUENAVISTA', '70', 'A', NULL, NULL),
('70124', 'CAIMITO', '70', 'A', NULL, NULL),
('70204', 'COLOSO', '70', 'A', NULL, NULL),
('70215', 'COROZAL', '70', 'A', NULL, NULL),
('70221', 'COVEAS (SUCRE)', '70', 'A', NULL, NULL),
('70230', 'CHALAN', '70', 'A', NULL, NULL),
('70235', 'GALERAS', '70', 'A', NULL, NULL),
('70265', 'GUARANDA', '70', 'A', NULL, NULL),
('70400', 'LA UNION', '70', 'A', NULL, NULL),
('70418', 'LOS PALMITOS', '70', 'A', NULL, NULL),
('70429', 'MAJAGUAL', '70', 'A', NULL, NULL),
('70473', 'MORROA', '70', 'A', NULL, NULL),
('70508', 'OVEJAS', '70', 'A', NULL, NULL),
('70523', 'PALMITO', '70', 'A', NULL, NULL),
('70670', 'SAMPUES', '70', 'A', NULL, NULL),
('70678', 'SAN BENITO ABAD', '70', 'A', NULL, NULL),
('70702', 'SAN JUAN DE BETULIA', '70', 'A', NULL, NULL),
('70708', 'SAN MARCOS', '70', 'A', NULL, NULL),
('70713', 'SAN ONOFRE', '70', 'A', NULL, NULL),
('70717', 'SAN PEDRO', '70', 'A', NULL, NULL),
('70742', 'SINCE', '70', 'A', NULL, NULL),
('70771', 'SUCRE', '70', 'A', NULL, NULL),
('70820', 'SANTIAGO DE TOLU', '70', 'A', NULL, NULL),
('70823', 'TOLUVIEJO', '70', 'A', NULL, NULL),
('73001', 'IBAGUE', '73', 'A', NULL, NULL),
('73024', 'ALPUJARRA', '73', 'A', NULL, NULL),
('73026', 'ALVARADO', '73', 'A', NULL, NULL),
('73030', 'AMBALEMA', '73', 'A', NULL, NULL),
('73043', 'ANZOATEGUI', '73', 'A', NULL, NULL),
('73055', 'ARMERO (GUAYABAL)', '73', 'A', NULL, NULL),
('73067', 'ATACO', '73', 'A', NULL, NULL),
('73124', 'CAJAMARCA', '73', 'A', NULL, NULL),
('73148', 'CARMEN DE APICALA', '73', 'A', NULL, NULL),
('73152', 'CASABIANCA', '73', 'A', NULL, NULL),
('73168', 'CHAPARRAL', '73', 'A', NULL, NULL),
('73200', 'COELLO', '73', 'A', NULL, NULL),
('73217', 'COYAIMA', '73', 'A', NULL, NULL),
('73226', 'CUNDAY', '73', 'A', NULL, NULL),
('73236', 'DOLORES', '73', 'A', NULL, NULL),
('73268', 'ESPINAL (CHICORAL) ', '73', 'A', NULL, NULL),
('73270', 'FALAN', '73', 'A', NULL, NULL),
('73275', 'FLANDES', '73', 'A', NULL, NULL),
('73283', 'FRESNO', '73', 'A', NULL, NULL),
('73319', 'GUAMO', '73', 'A', NULL, NULL),
('73347', 'HERVEO', '73', 'A', NULL, NULL),
('73349', 'HONDA', '73', 'A', NULL, NULL),
('73352', 'ICONONZO', '73', 'A', NULL, NULL),
('73408', 'LERIDA', '73', 'A', NULL, NULL),
('73411', 'LIBANO', '73', 'A', NULL, NULL),
('73443', 'MARIQUITA', '73', 'A', NULL, NULL),
('73449', 'MELGAR', '73', 'A', NULL, NULL),
('73461', 'MURILLO', '73', 'A', NULL, NULL),
('73483', 'NATAGAIMA', '73', 'A', NULL, NULL),
('73504', 'ORTEGA', '73', 'A', NULL, NULL),
('73520', 'PALOCABILDO', '73', 'A', NULL, NULL),
('73547', 'PIEDRAS', '73', 'A', NULL, NULL),
('73555', 'PLANADAS', '73', 'A', NULL, NULL),
('73563', 'PRADO', '73', 'A', NULL, NULL),
('73585', 'PURIFICACION', '73', 'A', NULL, NULL),
('73616', 'RIOBLANCO', '73', 'A', NULL, NULL),
('73622', 'RONCESVALLES', '73', 'A', NULL, NULL),
('73624', 'ROVIRA', '73', 'A', NULL, NULL),
('73671', 'SALDAÑA', '73', 'A', NULL, NULL),
('73675', 'SAN ANTONIO', '73', 'A', NULL, NULL),
('73678', 'SAN LUIS', '73', 'A', NULL, NULL),
('73686', 'SANTA ISABEL', '73', 'A', NULL, NULL),
('73770', 'SUAREZ', '73', 'A', NULL, NULL),
('73854', 'VALLE DE SAN JUAN', '73', 'A', NULL, NULL),
('73861', 'VENADILLO', '73', 'A', NULL, NULL),
('73870', 'VILLAHERMOSA', '73', 'A', NULL, NULL),
('73873', 'VILLARRICA', '73', 'A', NULL, NULL),
('76001', 'CALI', '76', 'A', NULL, NULL),
('76020', 'ALCALA', '76', 'A', NULL, NULL),
('76036', 'ANDALUCIA', '76', 'A', NULL, NULL),
('76041', 'ANSERMANUEVO', '76', 'A', NULL, NULL),
('76054', 'ARGELIA', '76', 'A', NULL, NULL),
('76100', 'BOLIVAR', '76', 'A', NULL, NULL),
('76109', 'BUENAVENTURA', '76', 'A', NULL, NULL),
('76111', 'GUADALAJARA DE BUGA ', '76', 'A', NULL, NULL),
('76113', 'BUGALAGRANDE', '76', 'A', NULL, NULL),
('76122', 'CAICEDONIA', '76', 'A', NULL, NULL),
('76126', 'CALIMA (EL DARIEN)', '76', 'A', NULL, NULL),
('76130', 'CANDELARIA', '76', 'A', NULL, NULL),
('76147', 'CARTAGO', '76', 'A', NULL, NULL),
('76233', 'DAGUA', '76', 'A', NULL, NULL),
('76243', 'EL AGUILA', '76', 'A', NULL, NULL),
('76246', 'EL CAIRO', '76', 'A', NULL, NULL),
('76248', 'EL CERRITO', '76', 'A', NULL, NULL),
('76250', 'EL DOVIO', '76', 'A', NULL, NULL),
('76275', 'FLORIDA', '76', 'A', NULL, NULL),
('76306', 'GINEBRA', '76', 'A', NULL, NULL),
('76318', 'GUACARI', '76', 'A', NULL, NULL),
('76364', 'JAMUNDI', '76', 'A', NULL, NULL),
('76377', 'LA CUMBRE', '76', 'A', NULL, NULL),
('76400', 'LA UNION', '76', 'A', NULL, NULL),
('76403', 'LA VICTORIA', '76', 'A', NULL, NULL),
('76497', 'OBANDO', '76', 'A', NULL, NULL),
('76520', 'PALMIRA', '76', 'A', NULL, NULL),
('76563', 'PRADERA', '76', 'A', NULL, NULL),
('76606', 'RESTREPO', '76', 'A', NULL, NULL),
('76616', 'RIOFRIO', '76', 'A', NULL, NULL),
('76622', 'ROLDANILLO', '76', 'A', NULL, NULL),
('76670', 'SAN PEDRO', '76', 'A', NULL, NULL),
('76736', 'SEVILLA', '76', 'A', NULL, NULL),
('76823', 'TORO', '76', 'A', NULL, NULL),
('76828', 'TRUJILLO', '76', 'A', NULL, NULL),
('76834', 'TULUA', '76', 'A', NULL, NULL),
('76845', 'ULLOA', '76', 'A', NULL, NULL),
('76863', 'VERSALLES', '76', 'A', NULL, NULL),
('76869', 'VIJES', '76', 'A', NULL, NULL),
('76890', 'YOTOCO', '76', 'A', NULL, NULL),
('76892', 'YUMBO', '76', 'A', NULL, NULL),
('76895', 'ZARZAL', '76', 'A', NULL, NULL),
('8001', 'BARRANQUILLA', '8', 'A', NULL, NULL),
('8078', 'BARANOA', '8', 'A', NULL, NULL),
('81001', 'ARAUCA', '81', 'A', NULL, NULL),
('81065', 'ARAUQUITA', '81', 'A', NULL, NULL),
('81220', 'CRAVO NORTE', '81', 'A', NULL, NULL),
('81300', 'FORTUL', '81', 'A', NULL, NULL),
('8137', 'CAMPO DE LA CRUZ', '8', 'A', NULL, NULL),
('8141', 'CANDELARIA', '8', 'A', NULL, NULL),
('81591', 'PUERTO RONDON', '81', 'A', NULL, NULL),
('81736', 'SARAVENA', '81', 'A', NULL, NULL),
('81794', 'TAME', '81', 'A', NULL, NULL),
('8296', 'GALAPA', '8', 'A', NULL, NULL),
('8372', 'JUAN DE ACOSTA', '8', 'A', NULL, NULL),
('8421', 'LURUACO', '8', 'A', NULL, NULL),
('8433', 'MALAMBO', '8', 'A', NULL, NULL),
('8436', 'MANATI', '8', 'A', NULL, NULL),
('85001', 'YOPAL', '85', 'A', NULL, NULL),
('85010', 'AGUAZUL', '85', 'A', NULL, NULL),
('85015', 'CHAMEZA', '85', 'A', NULL, NULL),
('85125', 'HATO COROZAL', '85', 'A', NULL, NULL),
('85136', 'LA SALINA', '85', 'A', NULL, NULL),
('85139', 'MANI', '85', 'A', NULL, NULL),
('85162', 'MONTERREY', '85', 'A', NULL, NULL),
('8520', 'PALMAR DE VARELA', '8', 'A', NULL, NULL),
('85225', 'NUNCHIA', '85', 'A', NULL, NULL),
('85230', 'OROCUE', '85', 'A', NULL, NULL),
('85250', 'PAZ DE ARIPORO', '85', 'A', NULL, NULL),
('85263', 'PORE', '85', 'A', NULL, NULL),
('85279', 'RECETOR', '85', 'A', NULL, NULL),
('85300', 'SABANALARGA', '85', 'A', NULL, NULL),
('85315', 'SACAMA', '85', 'A', NULL, NULL),
('85325', 'SAN LUIS DE PALENQUE', '85', 'A', NULL, NULL),
('85400', 'TAMARA', '85', 'A', NULL, NULL),
('85410', 'TAURAMENA', '85', 'A', NULL, NULL),
('85430', 'TRINIDAD', '85', 'A', NULL, NULL),
('85440', 'VILLANUEVA', '85', 'A', NULL, NULL),
('8549', 'PIOJO', '8', 'A', NULL, NULL),
('8558', 'POLONUEVO', '8', 'A', NULL, NULL),
('8560', 'PONEDERA', '8', 'A', NULL, NULL),
('8573', 'PUERTO COLOMBIA', '8', 'A', NULL, NULL),
('86001', 'MOCOA', '86', 'A', NULL, NULL),
('8606', 'REPELON', '8', 'A', NULL, NULL),
('86219', 'COLON', '86', 'A', NULL, NULL),
('86320', 'ORITO', '86', 'A', NULL, NULL),
('8634', 'SABANAGRANDE', '8', 'A', NULL, NULL),
('8638', 'SABANALARGA', '8', 'A', NULL, NULL),
('86568', 'PUERTO ASIS', '86', 'A', NULL, NULL),
('86569', 'PUERTO CAICEDO', '86', 'A', NULL, NULL),
('86571', 'PUERTO GUZMAN', '86', 'A', NULL, NULL),
('86573', 'PUERTO LEGUIZAMO', '86', 'A', NULL, NULL),
('86749', 'SIBUNDOY', '86', 'A', NULL, NULL),
('8675', 'SANTA LUCIA', '8', 'A', NULL, NULL),
('86755', 'SAN FRANCISCO', '86', 'A', NULL, NULL),
('86757', 'SAN MIGUEL (LA DORADA)', '86', 'A', NULL, NULL),
('86760', 'SANTIAGO', '86', 'A', NULL, NULL),
('8685', 'SANTO TOMAS', '8', 'A', NULL, NULL),
('86865', 'VALLE DEL GUAMUEZ (LA HORMIGA)', '86', 'A', NULL, NULL),
('86885', 'VILLAGARZON', '86', 'A', NULL, NULL),
('8758', 'SOLEDAD', '8', 'A', NULL, NULL),
('8770', 'SUAN', '8', 'A', NULL, NULL),
('88001', 'SAN ANDRES', '88', 'A', NULL, NULL),
('8832', 'TUBARA', '8', 'A', NULL, NULL),
('8849', 'USIACURI', '8', 'A', NULL, NULL),
('88564', 'PROVIDENCIA Y SANTA CATALINA', '88', 'A', NULL, NULL),
('91001', 'LETICIA', '91', 'A', NULL, NULL),
('91263', 'EL ENCANTO', '91', 'A', NULL, NULL),
('91405', 'LA CHORRERA', '91', 'A', NULL, NULL),
('91407', 'LA PEDRERA', '91', 'A', NULL, NULL),
('91430', 'LA VICTORIA (AMAZONAS)', '91', 'A', NULL, NULL),
('91460', 'MARITI PARANA', '91', 'A', NULL, NULL),
('91540', 'PUERTO NARIYO', '91', 'A', NULL, NULL),
('91669', 'PTO SANTANDER', '91', 'A', NULL, NULL),
('91798', 'TARAPACA', '91', 'A', NULL, NULL),
('94001', 'INIRIDA', '94', 'A', NULL, NULL),
('94343', 'BARRANCO MINA (CD)', '94', 'A', NULL, NULL),
('94883', 'SAN FELIPE (CD)', '94', 'A', NULL, NULL),
('94884', 'PUERTO COLOMBIA (CD)', '94', 'A', NULL, NULL),
('94885', 'LA GUADALUPE (CD)', '94', 'A', NULL, NULL),
('94886', 'CACAHUAL (CD)', '94', 'A', NULL, NULL),
('94887', 'PANA-PANA (CD)', '94', 'A', NULL, NULL),
('94888', 'MORICHAL NUEVO (CD)', '94', 'A', NULL, NULL),
('95001', 'SAN JOSE DEL GUAVIARE', '95', 'A', NULL, NULL),
('95015', 'CALAMAR', '95', 'A', NULL, NULL),
('95025', 'EL RETORNO', '95', 'A', NULL, NULL),
('95200', 'MIRAFLORES', '95', 'A', NULL, NULL),
('97001', 'MITU', '97', 'A', NULL, NULL),
('97161', 'CARURU', '97', 'A', NULL, NULL),
('97511', 'PACOA (CD)', '97', 'A', NULL, NULL),
('97555', 'VILLA FATIMA', '97', 'A', NULL, NULL),
('97666', 'TARAIRA', '97', 'A', NULL, NULL),
('97777', 'PAPUNAUA (CD)', '97', 'A', NULL, NULL),
('97888', 'ACARICUARA', '97', 'A', NULL, NULL),
('97889', 'YAVARATE (CD)', '97', 'A', NULL, NULL),
('99001', 'PUERTO CARRE(O', '99', 'A', NULL, NULL),
('99524', 'LA PRIMAVERA', '99', 'A', NULL, NULL),
('99572', 'SANTA RITA', '99', 'A', NULL, NULL),
('99624', 'SANTA ROSALIA', '99', 'A', NULL, NULL),
('99760', 'SAN JOSE DE OCUNE', '99', 'A', NULL, NULL),
('99773', 'CUMARIBO', '99', 'A', NULL, NULL),
('5000', 'Extranjero', '10', 'A', NULL, NULL),
('27025', 'ALTO BAUDO', '27', 'A', NULL, NULL),
('47460', 'NUEVA GRANADA', '47', 'A', NULL, NULL),
('19533', 'PIAMONTE', '19', 'A', NULL, NULL),
('-1', '*** MUNICIPIO DEFAULT ****', '10', 'A', NULL, NULL);

--
-- Volcado de datos para la tabla `orden_rutas`
--

INSERT INTO `orden_rutas` (`id`, `orden`, `cliente_id`, `ruta_id`, `created_at`, `updated_at`) VALUES
(1, 5, '1075255095', 1, NULL, '2018-05-21 04:35:16'),
(2, 4, '9987797', 1, NULL, '2018-05-21 04:35:16'),
(3, 1, '123345', 1, NULL, '2018-05-21 04:35:16'),
(9, 1, '789456123', 2, '2018-05-08 12:03:34', '2018-05-08 12:03:34'),
(8, 3, '369258147', 1, '2018-05-08 11:55:01', '2018-05-21 04:35:16'),
(7, 2, '147258369', 1, '2018-05-08 10:19:01', '2018-05-21 04:35:16'),
(10, 2, '3216549875', 2, '2018-05-08 12:04:30', '2018-05-08 12:04:30'),
(11, 1, '1081156450', 6, '2018-05-21 04:36:43', '2018-05-21 04:36:43'),
(12, 2, '1075263963', 7, '2018-05-21 04:43:12', '2018-05-21 04:45:08'),
(13, 1, '1075245911', 7, '2018-05-21 04:44:30', '2018-05-21 04:45:08');

--
-- Volcado de datos para la tabla `perfils`
--

INSERT INTO `perfils` (`id`, `nombre`, `descripcion`, `estado`, `created_at`, `updated_at`) VALUES
(1, 'Administrador', 'el administrador', 'A', NULL, NULL),
(2, 'Vendedor', 'el qu vende perico', 'A', '2018-04-30 17:13:00', '2018-04-30 17:16:37'),
(4, 'Cajero', NULL, 'A', '2018-04-30 18:15:14', '2018-04-30 18:15:14'),
(5, 'Jefe de Bodega', NULL, 'A', '2018-05-03 06:15:50', '2018-05-03 06:15:50');

--
-- Volcado de datos para la tabla `precios_productos`
--

INSERT INTO `precios_productos` (`id`, `fk_producto`, `valor`, `created_at`, `updated_at`, `fk_descripcion_precio`) VALUES
(11, '128', 600.00, '2018-05-18 00:56:23', '2018-05-18 00:56:23', 2),
(10, '127', 1600.00, '2018-05-17 09:07:46', '2018-05-17 09:07:46', 1),
(9, '127', 1500.00, '2018-05-17 09:07:46', '2018-05-17 09:07:46', 2),
(8, '126', 1500.00, '2018-05-17 09:04:41', '2018-05-17 09:04:41', 1),
(7, '126', 1300.00, '2018-05-17 09:04:41', '2018-05-17 09:04:41', 2),
(6, '125', 950.00, '2018-05-15 20:15:30', '2018-05-15 20:15:30', 1),
(5, '125', 750.00, '2018-05-15 20:15:30', '2018-05-15 20:15:30', 2),
(4, '124', 1200.00, '2018-05-15 20:00:18', '2018-05-15 20:00:18', 1),
(3, '124', 1050.00, '2018-05-15 20:00:18', '2018-05-15 20:00:18', 2),
(2, '123', 900.00, '2018-05-15 19:58:26', '2018-05-15 19:58:26', 1),
(1, '123', 700.00, '2018-05-15 19:58:26', '2018-05-15 19:58:26', 2),
(12, '128', 800.00, '2018-05-18 00:56:23', '2018-05-18 00:56:23', 1),
(13, '129', 650.00, '2018-05-18 00:58:10', '2018-05-18 00:58:10', 2),
(14, '129', 800.00, '2018-05-18 00:58:10', '2018-05-18 00:58:10', 1),
(15, '131', 600.00, '2018-05-18 00:59:39', '2018-05-18 00:59:39', 2),
(16, '131', 800.00, '2018-05-18 00:59:39', '2018-05-18 00:59:39', 1),
(17, '0', 2200.00, '2018-05-21 06:01:10', '2018-05-21 06:01:10', 2),
(18, '0', 2500.00, '2018-05-21 06:01:10', '2018-05-21 06:01:10', 1);

--
-- Volcado de datos para la tabla `productos`
--

INSERT INTO `productos` (`codigo`, `nombre`, `descripcion`, `cantidad`, `cantidad_reserva`, `precio_compra`, `fk_marca`, `fk_size`, `fk_tipo_envase`, `fk_tipo_contenido`, `fk_tipo_paca`, `fk_bodega`, `estado`, `created_at`, `updated_at`) VALUES
('123', 'cocacola', NULL, 482, 2, 500.00, 1, 1, 1, 4, 1, 1, 'A', '2018-05-15 19:58:26', '2018-05-15 19:58:26'),
('124', 'cocacola zero', NULL, 30, 2, 800.00, 1, 1, 1, 4, 2, 1, 'A', '2018-05-15 20:00:18', '2018-05-15 20:00:18'),
('125', 'colanta', NULL, 100, 2, 500.00, 10, 3, 2, 2, 4, 1, 'A', '2018-05-15 20:15:30', '2018-05-15 20:15:30'),
('126', 'colanta deslactosada', NULL, 101, 2, 1200.00, 10, 3, 2, 2, 3, 1, 'A', '2018-05-17 09:04:41', '2018-05-17 09:04:41'),
('127', 'colanta entera', NULL, 71, 2, 1300.00, 10, 3, 2, 2, 3, 1, 'A', '2018-05-17 09:07:46', '2018-05-17 09:07:46'),
('128', 'manzana x350', NULL, 49, 2, 50.00, 2, 1, 1, 4, 1, 1, 'A', '2018-05-18 00:56:23', '2018-05-18 00:56:23'),
('129', 'colombiana x350', NULL, 50, 2, 600.00, 2, 1, 1, 4, 1, 1, 'A', '2018-05-18 00:58:10', '2018-05-18 00:58:10'),
('131', 'uva 350ml', NULL, 80, 2, 500.00, 2, 1, 1, 4, 1, 1, 'A', '2018-05-18 00:59:39', '2018-05-18 00:59:39'),
('121312', 'POSTOBON 1.5L', NULL, 10, 2, 2000.00, 6, 2, 2, 4, 4, 1, 'A', '2018-05-21 06:01:10', '2018-05-21 06:01:10');

--
-- Volcado de datos para la tabla `proveedors`
--

INSERT INTO `proveedors` (`number_id`, `name`, `tipo_documento_id`, `address`, `phone`, `celular`, `email`, `estado`, `created_at`, `updated_at`) VALUES
('4789879', 'Trebol', 5, 'Calle 2 A # 2-57', '8712268', NULL, NULL, 'A', '2018-04-26 10:16:20', '2018-04-26 10:16:20'),
('2424143', 'Leche pene', 5, 'Calle 2 A # 2-57', '3053121363', NULL, NULL, 'A', '2018-04-27 04:44:43', '2018-04-27 04:44:43');

--
-- Volcado de datos para la tabla `rutas`
--

INSERT INTO `rutas` (`id`, `nombre`, `descripcion`, `zona_id`, `estado`, `created_at`, `updated_at`) VALUES
(1, 'ruta 1', NULL, 1, 'A', '2018-04-21 04:21:32', '2018-04-21 04:21:32'),
(2, 'ruta 2', NULL, 1, 'A', '2018-04-21 04:21:39', '2018-04-21 04:21:39'),
(7, 'Ruta Centro Arriba', NULL, 3, 'A', '2018-05-21 04:30:14', '2018-05-21 04:30:14'),
(6, 'Ruta Centro Bajo', NULL, 3, 'A', '2018-05-21 04:30:01', '2018-05-21 04:30:01'),
(8, 'Ruta Guadal', NULL, 3, 'A', '2018-05-21 04:30:51', '2018-05-21 04:30:51');

--
-- Volcado de datos para la tabla `size_botellas`
--

INSERT INTO `size_botellas` (`id`, `nombre`, `descripcion`, `estado`, `created_at`, `updated_at`) VALUES
(2, 'Litro', NULL, 'A', '2018-05-15 19:55:54', '2018-05-15 19:55:54'),
(1, '350ml', NULL, 'A', '2018-05-15 19:55:44', '2018-05-15 19:55:44'),
(3, '750 ml', NULL, 'A', '2018-05-15 19:56:02', '2018-05-15 19:56:02');

--
-- Volcado de datos para la tabla `tipo_contenidos`
--

INSERT INTO `tipo_contenidos` (`id`, `nombre`, `descripcion`, `estado`, `created_at`, `updated_at`) VALUES
(2, 'leche', NULL, 'A', NULL, NULL),
(1, 'agua', NULL, 'A', NULL, NULL),
(3, 'jugo', NULL, 'A', NULL, NULL),
(4, 'gaseosa', NULL, 'A', NULL, NULL),
(5, 'embriagante', NULL, 'A', NULL, NULL),
(6, 'embutido', NULL, 'A', NULL, NULL);

--
-- Volcado de datos para la tabla `tipo_documentos`
--

INSERT INTO `tipo_documentos` (`id`, `nombre`, `descripcion`, `estado`, `created_at`, `updated_at`) VALUES
(1, 'Tarjeta de Identidad', NULL, 'A', NULL, NULL),
(2, 'Cédula de ciudadanía', NULL, 'A', NULL, NULL),
(3, 'Tarjeta de extranjería', NULL, 'A', NULL, NULL),
(4, 'Cédula de Identidad', NULL, 'A', NULL, NULL),
(5, 'NIT', NULL, 'A', NULL, NULL),
(6, 'Pasaporte', NULL, 'A', NULL, NULL),
(7, 'Documento de identificación extranjero', NULL, 'A', NULL, NULL),
(8, 'Sin identificación del exterior o para uso definido por la DIAN', NULL, 'A', NULL, NULL);

--
-- Volcado de datos para la tabla `tipo_envases`
--

INSERT INTO `tipo_envases` (`id`, `nombre`, `descripcion`, `estado`, `created_at`, `updated_at`) VALUES
(2, 'plastico', NULL, 'A', NULL, NULL),
(1, 'vidrio', NULL, 'A', NULL, NULL),
(3, 'tetrapack', NULL, 'A', NULL, NULL),
(4, 'aluminio', NULL, 'A', NULL, NULL),
(5, 'madera', NULL, 'A', NULL, NULL),
(6, 'carton', NULL, 'A', NULL, NULL);

--
-- Volcado de datos para la tabla `tipo_movimientos`
--

INSERT INTO `tipo_movimientos` (`id`, `nombre`, `descripcion`, `estado`, `created_at`, `updated_at`) VALUES
(1, 'Entrada', 'entradas de dinero a la caja', 'A', NULL, NULL),
(2, 'Salida', 'salidas de dinero de la caja', 'A', NULL, NULL);

--
-- Volcado de datos para la tabla `tipo_pacas`
--

INSERT INTO `tipo_pacas` (`id`, `nombre`, `descripcion`, `cantidad`, `precio`, `retornable`, `estado`, `created_at`, `updated_at`, `precio_envase`) VALUES
(4, 'caja x12', NULL, 12, 0.00, 0, 'I', '2018-05-15 20:02:10', '2018-05-17 08:58:36', NULL),
(3, 'caja x24', NULL, 24, 0.00, 0, 'A', '2018-05-15 20:01:57', '2018-05-17 08:58:27', NULL),
(1, 'canasta', NULL, 30, 3000.00, 1, 'A', '2018-05-15 19:57:06', '2018-05-15 19:57:06', NULL),
(2, '1/2 canasta', NULL, 15, 1500.00, 1, 'A', '2018-05-15 19:57:37', '2018-05-15 19:57:37', NULL);

--
-- Volcado de datos para la tabla `users`
--

INSERT INTO `users` (`id`, `name`, `tipo_documento_id`, `number_id`, `address`, `phone`, `celular`, `email`, `password`, `perfil_id`, `bodega_id`, `estado`, `remember_token`, `created_at`, `updated_at`) VALUES
(1, 'Cristian Álvarez Trujillo', 2, '1075255095', 'Calle 2 A # 2-57', '8712268', '3003637018', 'crisfalt@gmail.com', '$2y$10$yvFw3tZSsskGeihGKLDoIu9bSfByhwLxly.LJ0xnVQqWsxzvJbDPy', 1, 1, 'A', 'M6PcKJZwmEoNvIoF5mj1xTTowaSRHYlvZVGoLuchhUxwcXhWXCfI8Y3HcudP', '2018-04-21 03:00:42', '2018-04-21 03:00:42'),
(2, 'alvaro morata', 4, '4789879', 'Calle 22a sur # 34c-64', '8745889', '3215548798', 'morata@gmail.com', '$2y$10$KOorS/N61BN4f6DhXnnL1uTEBdwKgIf0E6OUQMm3P6.8Wq6hcKfpi', 1, 1, 'A', 'krNwCQFROgw7YdcWaPapoXxL2vFtK89m2IH9K8pxbI0ZlD4QYekCv2L2VLjM', '2018-04-26 03:11:36', '2018-04-26 03:11:36'),
(3, 'kevin alexis perico torres', 2, '1089797878', 'Calle 22a sur # 34c-64', '3053121363', '3215548798', 'nearriver1995@gmail.com', '$2y$10$hh.BmaSHzqLz2M66Q69DI.cnQJrJMxOCxMdJ2ngL3yLoYjnl6v/cO', 2, 1, 'A', 'gpfFNYqCQ3QWApSEpOHu2LPWFm1bsb5rPQKoNpgzscMb3h1sRkQltdhFIUqw', '2018-04-30 18:09:45', '2018-04-30 18:09:45'),
(4, 'fabian la perra', 5, '87897897987', 'Calle 2 A # 2-57', '8986', '3215548798', 'fabian@gmail.com', '$2y$10$5d2U8f6xpHNi/NajmK4nhOCYLXJPKUf4zTBnZbOqAT7Z3p3UNETCG', 4, 1, 'A', 'mH2H3fhcFpFhfyPiVt4qveg0FTzbtEhMFF0M0ZbyUIQAwv41UQUgwB8mNIk9', '2018-04-30 18:16:01', '2018-04-30 18:16:01'),
(5, 'paracohp', 4, '13131113', 'Calle 22a sur # 34c-64', '3053121363', '3239019201', 'paraco@gmail.com', '$2y$10$aCYwMoHzAuf0OmAcTRMzkuFyuxsw14bFXThQNhugv94mxWbS/XIza', 2, 1, 'A', 'Ul1J0Mbt3SkGrymKlRbm0wsOWxhFLIwePGHnPvbIsWumPBpkYddtI94jYwn0', '2018-04-30 19:09:50', '2018-04-30 19:09:50'),
(6, 'leonel messi', 7, '98767', 'carrera 12 # 45-09', '87615245', '3121999', 'messi@gmail.com', '$2y$10$kZIZKc7iyGm0Zpy6A.ARSudk.Q3EbUk9kFP9JmCAugQkHSo5PNj7m', 1, 1, 'A', NULL, '2018-04-30 19:18:00', '2018-04-30 19:18:00'),
(7, 'gerard pique', 5, '10587797', 'carrera 56 # 34-07', '8978797', '3255798789', 'amdajd@gmail.com', '$2y$10$jnyWrufZR9OJnSfCMynWHe.hEVSE7Ru1uw6WwP.n7Ue9ENesRoBeG', 4, 1, 'A', 'JqpnBFex1NSRdAHfq4evZFxo223hDJvBj4XhKcKSIQFmkmg6Sq19EnoOYPxg', '2018-04-30 19:22:42', '2018-04-30 19:22:42'),
(8, 'pablo dybala', 6, '9876567', 'carrera 19 bis # 45-08 torre 3 apto 8', '8712122', '873192837', 'dybala@gmail.com', '$2y$10$EuNYq/Krhsd96QZnkM/R1OMxNbY.zNcTAgzuIhg1OzqLX5UNwdWNO', 2, 1, 'A', 'oGSN6quyGAVgMQ6xdCkGFwQALMK1DZvyn5eSYwspt6KNxicjfUdaAGaunoNn', '2018-04-30 19:29:56', '2018-04-30 19:29:56'),
(9, 'juan david', 4, '4789879', 'Calle 2 A # 2-57', '8712268', '3239019201', 'juancho@hotmail.com', '$2y$10$7dJbVTBqEiICFkn.67LNrORUNyzwUTH6E6M/QOqOQupgYWPthnrEi', 2, 1, 'A', NULL, '2018-04-30 19:53:59', '2018-04-30 19:53:59'),
(10, 'sunny', 4, '1088855', 'carrera 12 # 45-09', '887445', '3259987', 'sunny@gmail.com', '$2y$10$CgsxLcSoCHLZG2JFvD9HgunVr1EbRoWA0BxB2YqQCqfl2zPaxMatS', 4, 1, 'A', 'AeqFHqgDNmSHYiN406bYORHvHJUc4QQTHa2tcRvGUiFJcLz13pAxGGJNuqmc', '2018-04-30 19:54:51', '2018-04-30 19:54:51');

--
-- Volcado de datos para la tabla `ventas`
--

INSERT INTO `ventas` (`id`, `fk_cliente`, `fk_vendedor`, `fk_estado_venta`, `fk_bodega`, `fk_forma_de_pago`, `total`, `created_at`, `updated_at`, `fecha_entrega`) VALUES
(1, 147258369, 1, 2, 1, 1, 13500, '2018-05-18 06:41:02', '2018-05-18 21:00:34', '2018-05-18'),
(2, 9987797, 1, 3, 1, 2, 800, '2018-05-18 07:11:51', '2018-05-18 21:55:52', '2018-05-18'),
(3, 1075245911, 1, 3, 1, 2, 120000, '2018-05-21 05:12:50', '2018-05-21 05:12:50', '2018-05-21'),
(4, 123345, 1, 3, 1, 2, 128700, '2018-05-21 05:57:40', '2018-05-21 05:57:40', '2018-05-21'),
(5, 1075245911, 1, 1, 1, 2, 0, '2018-05-21 06:15:04', '2018-05-21 06:15:04', NULL),
(6, 123345, 1, 1, 1, 2, 0, '2018-05-21 06:34:19', '2018-05-21 06:34:19', NULL);

--
-- Volcado de datos para la tabla `zonas`
--

INSERT INTO `zonas` (`id`, `nombre`, `descripcion`, `bodega_id`, `estado`, `created_at`, `updated_at`) VALUES
(1, 'TaT Ruta 2', NULL, 1, 'A', '2018-04-21 04:21:03', '2018-05-21 04:21:47'),
(2, 'TaT Ruta 1', NULL, 1, 'A', '2018-04-21 04:21:11', '2018-05-21 04:21:37'),
(3, 'Ruta 3 Ulloa', NULL, 1, 'A', '2018-05-21 04:22:04', '2018-05-21 04:22:04'),
(4, 'Ruta 4 Riverita', NULL, 1, 'A', '2018-05-21 04:22:15', '2018-05-21 04:22:15'),
(5, 'Ruta 5 El Juncal', NULL, 1, 'A', '2018-05-21 04:22:34', '2018-05-21 04:22:34'),
(6, 'Ruta 6 Principal', NULL, 1, 'A', '2018-05-21 04:22:57', '2018-05-21 04:22:57'),
(7, 'Ruta 7 Termales', NULL, 1, 'A', '2018-05-21 04:23:23', '2018-05-21 04:23:23'),
(8, 'Ruta 8 Comederos', NULL, 1, 'A', '2018-05-21 04:23:41', '2018-05-21 04:23:41'),
(9, 'Ruta 9 Los Medios', NULL, 1, 'A', '2018-05-21 04:23:56', '2018-05-21 04:23:56');
COMMIT;

/*!40101 SET CHARACTER_SET_CLIENT=@OLD_CHARACTER_SET_CLIENT */;
/*!40101 SET CHARACTER_SET_RESULTS=@OLD_CHARACTER_SET_RESULTS */;
/*!40101 SET COLLATION_CONNECTION=@OLD_COLLATION_CONNECTION */;
